id,created_at,product_id,trans_num,amount
83,43066,2717,mp-txn-62cff4a593174,50
2087,43066,3264,mp-txn-62e0f02ae9c3f,49
2158,43066.53403,6380,mp-txn-6308700e04203,70
2159,43066.53403,6380,mp-txn-6308b860564cb,90
82,43475,5303,mp-txn-62cd95718a008,77
86,43475,2717,mp-txn-62cff91d48414,79
87,43475,2627,mp-txn-62cffae6dcae3,55
88,43475,2627,mp-txn-62cfffd5db176,76
45,43739.57569,5121,mp-txn-628cca85d529a,25
2,44634.46319,707,mp-txn-622f21f5aaf6c,45
3,44634.67153,707,mp-txn-622f6858bd98e,26
4,44636.50278,1346,mp-txn-6231d25b854c2,50
75,44652.41528,3746,mp-txn-62c59e417998d,62
6,44680.49792,2550,mp-txn-626bd2b4d31fc,74
7,44680.50069,2550,mp-txn-626bd38a052af,27
8,44685.49375,2550,mp-txn-627268d297924,20
9,44686.39931,2625,mp-txn-62739a74b07b0,21
10,44692.76944,2625,mp-txn-627c004eb8431,37
13,44692.79236,2627,mp-txn-627c082381c8b,95
14,44693.35486,2625,mp-txn-627cc5ec00ef3,82
15,44693.42014,2625,mp-txn-627cdbe965277,59
16,44693.44236,2625,mp-txn-627ce364cd05d,47
17,44693.44375,2550,mp-txn-627ce3d74f45d,41
18,44693.57639,2717,mp-txn-627d10b354b03,96
19,44697.25347,2717,mp-txn-6281e9bc1f4b5,23
20,44697.25417,3746,mp-txn-6281e9d69aa10,97
21,44697.25417,3746,mp-txn-6281e9e6667b5,63
22,44697.25417,2717,mp-txn-6281e9fe09150,58
23,44697.25486,3746,mp-txn-6281ea0b85c9d,33
24,44697.25486,3746,mp-txn-6281ea1ef0216,72
25,44697.25486,2717,mp-txn-6281ea2e718f8,96
26,44697.25556,3746,mp-txn-6281ea497ab9a,37
27,44697.33264,2550,mp-txn-6282047b7bc73,29
48,44697.40972,3746,mp-txn-62949378984a5,81
28,44697.67917,2627,mp-txn-628279420a3cc,44
36,44702.73472,2550,mp-txn-62890b7196a73,88
32,44702.73611,2550,mp-txn-62890838d2c66,42
33,44702.73819,2550,mp-txn-628909218e60b,23
34,44702.73958,2550,mp-txn-6289096aa65c5,77
35,44702.74028,2550,mp-txn-628909d2346ed,80
37,44704.32917,3746,mp-txn-628b3d9e1ffd7,72
38,44704.32917,3746,mp-txn-628b3db58d6a9,70
39,44704.32917,3746,mp-txn-628b3dc5a70d6,20
40,44704.32917,3746,mp-txn-628b3dd01f2ab,36
41,44704.32986,3746,mp-txn-628b3de0524ff,26
42,44704.32986,3746,mp-txn-628b3debb97fe,49
43,44704.93472,2625,mp-txn-628bedf9dcf91,40
44,44705.47292,2625,mp-txn-628ca3a8e1dac,42
47,44705.70972,5121,mp-txn-628cf3867be28,87
49,44712.78542,707,mp-txn-629663b815c4b,75
52,44715.4375,5303,mp-txn-6299e2d542735,57
53,44715.59861,5303,mp-txn-629a1915bb536,76
54,44715.6,5303,mp-txn-629a1982165ac,87
55,44715.60069,5303,mp-txn-629a19c172e3a,97
56,44715.60069,5303,mp-txn-629a19f32e848,82
57,44718.34653,707,mp-txn-629db8865f50b,86
58,44720.55,3746,mp-txn-62a0a04966472,66
59,44720.55069,3746,mp-txn-62a0a068b4c89,63
60,44720.55069,3746,mp-txn-62a0a0804c0a6,60
61,44720.55139,3746,mp-txn-62a0a0a9bff41,96
62,44720.55139,3746,mp-txn-62a0a0cbf3a0c,81
63,44720.55208,3746,mp-txn-62a0a0ef14695,74
64,44720.55278,3746,mp-txn-62a0a110f20cf,26
65,44720.55278,3746,mp-txn-62a0a1358607f,49
66,44725.43264,3746,mp-txn-62a710114bfa9,73
67,44725.43264,3746,mp-txn-62a71029d5988,26
68,44725.53264,2717,mp-txn-62a8834796929,42
69,44727.73611,2627,mp-txn-62aa197b0c0e4,76
72,44739.71806,3746,mp-txn-62b9e564c4350,21
2088,44741.54236,2627,mp-txn-62e1374620014,38
2089,44741.54514,2550,mp-txn-62e138286c751,26
2090,44741.54583,3080,mp-txn-62e138651cd53,26
73,44743.51319,2627,mp-txn-62bee64e03897,51
74,44746.77153,2717,mp-txn-62c3321b337cb,51
76,44748.70833,3746,mp-txn-62c5bf9f68f23,20
77,44748.89167,2717,mp-txn-62c5fd80f336b,25
78,44749.49097,3746,mp-txn-62c6c7d6da6aa,79
79,44749.61042,3746,mp-txn-62c6f006b795a,89
80,44753.76944,2717,mp-txn-62cc6bb655ed8,71
81,44754.39444,3746,mp-txn-62cd3eb3a5dc1,67
90,44756,2717,mp-txn-62d00ddbee1b8,68
91,44756,2627,mp-txn-62d00dde70bf7,43
85,44756.46319,2717,mp-txn-62cff8fcae9e7,50
92,44756.52917,2627,mp-txn-62d00f4274573,37
93,44756.53264,2627,mp-txn-62d0104ac2225,37
94,44756.53333,2627,mp-txn-62d010aa57dc3,92
95,44756.53472,2627,mp-txn-62d01107d95e8,53
96,44756.53542,2627,mp-txn-62d01151458bd,34
98,44756.57708,2627,mp-txn-62d01f4a72010,61
99,44756.57917,2627,mp-txn-62d0201428337,83
100,44756.58125,2627,mp-txn-62d020ba8926a,78
101,44756.58194,2627,mp-txn-62d020f6bbe95,35
102,44756.58264,2627,mp-txn-62d02153e1b85,41
103,44756.58403,2627,mp-txn-62d021a66fedc,84
104,44756.58542,2627,mp-txn-62d0223c242c3,72
105,44756.58681,2627,mp-txn-62d0228f20760,78
106,44756.5875,2627,mp-txn-62d022d075172,39
107,44756.58819,2627,mp-txn-62d023156ed92,64
108,44756.59028,2627,mp-txn-62d023d1eb978,46
109,44756.59167,2627,mp-txn-62d0245473002,79
110,44756.59236,2627,mp-txn-62d0248ff158a,76
111,44756.59306,2627,mp-txn-62d024c9e0ca8,52
112,44756.59444,2627,mp-txn-62d0252029d53,31
113,44756.59444,2627,mp-txn-62d0255add6a6,59
114,44756.59583,2627,mp-txn-62d025ac930bc,57
115,44756.59653,2627,mp-txn-62d025d9e3397,75
116,44756.59722,2627,mp-txn-62d026126ef0b,25
117,44756.59792,2627,mp-txn-62d02670e5e80,92
118,44756.59861,2627,mp-txn-62d026a7c0fda,96
119,44756.59931,2627,mp-txn-62d026e42a1ed,67
120,44756.6,2627,mp-txn-62d0271aba84b,94
121,44756.60069,2627,mp-txn-62d02760627ea,56
122,44756.60139,2627,mp-txn-62d027a423af9,67
123,44756.60208,2627,mp-txn-62d027e76b8df,62
124,44756.60278,2627,mp-txn-62d028201d094,70
125,44756.675,2550,mp-txn-62d0406b6e538,63
126,44756.68889,3080,mp-txn-62d0450f03e62,37
133,44757,2717,mp-txn-62d189cae0152,84
134,44757,2627,mp-txn-62d189cdd2037,25
131,44757.58681,3080,mp-txn-62d1741747757,75
132,44757.59097,3080,mp-txn-62d175860e05a,67
135,44758,2717,mp-txn-62d290b644558,52
136,44758,2627,mp-txn-62d290b9233a1,19
137,44759,2717,mp-txn-62d47332b759a,70
138,44759,2627,mp-txn-62d47335b7684,36
139,44760,3080,62d4f2b6c35e0,34
140,44760,3080,62d4f2b6cc916,68
141,44760,3080,62d4f2b6d16e5,45
142,44760,3080,62d4f2b6d8a75,78
143,44760,3080,62d4f2b6de025,34
144,44760,3080,62d4f2b6e33de,88
146,44760,3080,62d4f2b6ec0c3,44
153,44760,3080,62d4f2b71966e,79
154,44760,3080,62d4f2b71ee42,19
155,44760,3080,62d4f2b725690,69
156,44760,3080,62d4f2b72aee1,18
157,44760,3080,62d4f2b73044b,38
158,44760,3080,62d4f2b7351e3,72
159,44760,3080,62d4f2b739d2c,19
160,44760,3080,62d4f2b73eb7b,17
161,44760,3080,62d4f2b742d52,54
162,44760,3080,62d4f2b746b71,58
163,44760,3080,62d4f2b74b2d7,50
164,44760,3080,62d4f2b750024,65
165,44760,3080,62d4f2b7548c6,82
166,44760,3080,62d4f2b759474,68
167,44760,3080,62d4f2b75edfe,20
168,44760,3080,62d4f2b763b5d,48
169,44760,3080,62d4f2b768901,22
170,44760,3080,62d4f2b76cdd8,79
171,44760,3080,62d4f2b770e85,19
172,44760,3080,62d4f2b774d3f,49
173,44760,3080,62d4f2b7798bf,62
174,44760,3080,62d4f2b77f467,64
175,44760,3080,62d4f2b784bd2,41
176,44760,3080,62d4f2b789680,55
177,44760,3080,62d4f2b78e7ce,18
178,44760,3080,62d4f2b793f7c,96
179,44760,3080,62d4f2b799f4e,24
180,44760,3080,62d4f2b79fc15,44
181,44760,3080,62d4f2b7a55d5,38
182,44760,3080,62d4f2b7a9bcb,90
183,44760,3080,62d4f2b7adb08,35
184,44760,3080,62d4f2b7b1984,36
186,44760,3080,62d4f2b7bbb9d,32
190,44760,3080,62d4f2b7cd2c9,66
195,44760,3080,62d4f2b7e1b12,18
196,44760,3080,62d4f2b7e55f7,76
199,44760,3080,62d4f2b7f06ca,79
200,44760,3080,62d4f2b8000b2,91
202,44760,3080,62d4f2b80b995,60
203,44760,3080,62d4f2b810ed4,97
206,44760,3080,62d4f2b81f13d,29
209,44760,3080,62d4f2b82a0e3,90
211,44760,3080,62d4f2b8310d9,46
212,44760,3080,62d4f2b834ba4,61
213,44760,3080,62d4f2b838406,65
214,44760,3080,62d4f2b83c10e,17
215,44760,3080,62d4f2b83fd3b,81
216,44760,3080,62d4f2b8434ec,20
217,44760,3080,62d4f2b847acb,60
218,44760,3080,62d4f2b84c709,68
219,44760,3080,62d4f2b850483,19
220,44760,3080,62d4f2b854e67,28
221,44760,3080,62d4f2b859f1d,90
222,44760,3080,62d4f2b85e2ab,24
223,44760,3080,62d4f2b8624ab,60
224,44760,3080,62d4f2b866ea6,85
225,44760,3080,62d4f2b86b61f,24
226,44760,3080,62d4f2b86f9c8,23
227,44760,3080,62d4f2b874809,87
228,44760,3080,62d4f2b879823,81
229,44760,3080,62d4f2b87e42c,85
230,44760,3080,62d4f2b8831a9,59
231,44760,3080,62d4f2b887837,62
232,44760,3080,62d4f2b88b888,58
233,44760,3080,62d4f2b89024b,39
234,44760,3080,62d4f2b894efe,79
235,44760,3080,62d4f2b899d43,56
236,44760,3080,62d4f2b89dcd7,17
237,44760,3080,62d4f2b8a1f97,73
238,44760,3080,62d4f2b8a62a8,67
239,44760,3080,62d4f2b8a9ff1,64
240,44760,3080,62d4f2b8ae390,96
241,44760,3080,62d4f2b8b203d,54
242,44760,3080,62d4f2b8b57f0,66
243,44760,3080,62d4f2b8b9034,97
244,44760,3080,62d4f2b8bd35a,71
245,44760,3080,62d4f2b8c1b9f,76
246,44760,3080,62d4f2b8c58ab,67
247,44760,3080,62d4f2b8c9301,96
248,44760,3080,62d4f2b8cd8e0,26
249,44760,3080,62d4f2b8d15f5,78
250,44760,3080,62d4f2b8d4e1d,66
251,44760,3080,62d4f2b8d859e,39
252,44760,3080,62d4f2b8dd43e,64
253,44760,3080,62d4f2b8e10fd,19
254,44760,3080,62d4f2b8e6139,20
255,44760,3080,62d4f2b8ea4a2,24
256,44760,3080,62d4f2b8ee139,31
257,44760,3080,62d4f2b8f1f41,79
258,44760,3080,62d4f2b9a20d3,69
259,44760,3080,62d4f2b9a9693,41
260,44760,3080,62d4f2b9adcd4,23
261,44760,3080,62d4f2b9b21fb,58
262,44760,3080,62d4f2b9b6855,78
263,44760,3080,62d4f2b9baf59,31
264,44760,3080,62d4f2b9bf3a6,20
265,44760,3080,62d4f2b9c429a,55
266,44760,3080,62d4f2b9c8ff5,57
267,44760,3080,62d4f2b9cdbc0,66
268,44760,3080,62d4f2b9d24be,51
269,44760,3080,62d4f2b9d68de,67
270,44760,3080,62d4f2b9da770,96
271,44760,3080,62d4f2b9de2dc,56
272,44760,3080,62d4f2b9e1d7c,38
273,44760,3080,62d4f2b9e662f,94
274,44760,3080,62d4f2b9ea77c,76
275,44760,3080,62d4f2b9ee445,80
276,44760,3080,62d4f2b9f1d3f,78
277,44760,3080,62d4f2ba01681,46
278,44760,3080,62d4f2ba0546a,25
279,44760,3080,62d4f2ba0937a,96
280,44760,3080,62d4f2ba0d7f1,33
281,44760,3080,62d4f2ba11e79,92
282,44760,3080,62d4f2ba15b00,43
283,44760,3080,62d4f2ba19a19,64
284,44760,3080,62d4f2ba1d721,58
285,44760,3080,62d4f2ba217cb,59
286,44760,3080,62d4f2ba254d9,89
287,44760,3080,62d4f2ba29245,44
288,44760,3080,62d4f2ba2d6cb,62
289,44760,3080,62d4f2ba31a22,69
290,44760,3080,62d4f2ba35937,50
291,44760,3080,62d4f2ba39c50,93
292,44760,3080,62d4f2ba3de1f,46
293,44760,3080,62d4f2ba4278b,77
294,44760,3080,62d4f2ba46663,60
295,44760,3080,62d4f2ba4a59b,25
296,44760,3080,62d4f2ba4f0cc,78
297,44760,3080,62d4f2ba535fd,45
298,44760,3080,62d4f2ba5750f,74
299,44760,3080,62d4f2ba5b4d8,52
300,44760,3080,62d4f2ba5f483,87
301,44760,3080,62d4f2ba631b4,26
302,44760,3080,62d4f2ba67041,79
303,44760,3080,62d4f2ba6b43d,21
304,44760,3080,62d4f2ba6f786,50
305,44760,3080,62d4f2ba739a7,63
306,44760,3080,62d4f2ba77d63,32
307,44760,3080,62d4f2ba7c091,34
308,44760,3080,62d4f2ba8066e,47
309,44760,3080,62d4f2ba84d56,44
310,44760,3080,62d4f2ba886a5,61
311,44760,3080,62d4f2ba8c036,84
312,44760,3080,62d4f2ba8fa8f,79
313,44760,3080,62d4f2ba93876,25
314,44760,3080,62d4f2ba974f1,41
315,44760,3080,62d4f2ba9b171,50
316,44760,3080,62d4f2ba9eee0,27
317,44760,3080,62d4f2baa2bc2,91
318,44760,3080,62d4f2baa7982,34
319,44760,3080,62d4f2baab600,85
320,44760,3080,62d4f2bab0009,72
321,44760,3080,62d4f2bab40b4,86
322,44760,3080,62d4f2bab861d,72
323,44760,3080,62d4f2babd172,95
324,44760,3080,62d4f2bac2260,24
325,44760,3080,62d4f2bac629e,65
327,44760,3080,62d4f2bace636,74
328,44760,3080,62d4f2bad2691,84
329,44760,3080,62d4f2bad6815,81
330,44760,3080,62d4f2bada691,45
331,44760,3080,62d4f2badf024,17
332,44760,3080,62d4f2bae399e,63
333,44760,3080,62d4f2bae84ef,45
334,44760,3080,62d4f2baed0e3,67
335,44760,3080,62d4f2baf11a1,64
336,44760,3080,62d4f2bb00be6,31
337,44760,3080,62d4f2bb04a98,57
338,44760,3080,62d4f2bb0897f,73
339,44760,3080,62d4f2bb0cfaa,42
340,44760,3080,62d4f2bb112a0,48
341,44760,3080,62d4f2bb16866,68
342,44760,3080,62d4f2bb1ab73,82
343,44760,3080,62d4f2bb1f11a,96
344,44760,3080,62d4f2bb22d23,43
345,44760,3080,62d4f2bb26e6b,26
346,44760,3080,62d4f2bb2aaca,34
347,44760,3080,62d4f2bb2e6eb,58
348,44760,3080,62d4f2bb32364,88
349,44760,3080,62d4f2bb366f7,29
350,44760,3080,62d4f2bb3b7f8,31
351,44760,3080,62d4f2bb405ea,77
352,44760,3080,62d4f2bb44531,38
353,44760,3080,62d4f2bb48483,19
354,44760,3080,62d4f2bb4c21b,46
355,44760,3080,62d4f2bb4fdcb,91
356,44760,3080,62d4f2bb53fe4,42
357,44760,3080,62d4f2bb58df0,42
358,44760,3080,62d4f2bb5d7f8,76
359,44760,3080,62d4f2bb6192e,42
360,44760,3080,62d4f2bb65846,39
361,44760,3080,62d4f2bb6973c,88
362,44760,3080,62d4f2bb6d97a,20
363,44760,3080,62d4f2bb722f5,78
364,44760,3080,62d4f2bb788dc,29
365,44760,3080,62d4f2bb7f0f2,71
366,44760,3080,62d4f2bb84f4f,62
367,44760,3080,62d4f2bb8a60f,70
368,44760,3080,62d4f2bb8f4fa,63
369,44760,3080,62d4f2bb94133,78
370,44760,3080,62d4f2bb9972d,32
371,44760,3080,62d4f2bb9ea97,69
372,44760,3080,62d4f2bba482a,88
373,44760,3080,62d4f2bbaa8b6,82
374,44760,3080,62d4f2bbb1286,27
375,44760,3080,62d4f2bbb75e1,18
376,44760,3080,62d4f2bbbd805,90
377,44760,3080,62d4f2bbc3689,54
378,44760,3080,62d4f2bbc9a2f,36
379,44760,3080,62d4f2bbcfc7b,80
380,44760,3080,62d4f2bbd561a,87
381,44760,3080,62d4f2bbdadae,41
382,44760,3080,62d4f2bbe0c59,79
383,44760,3080,62d4f2bbe700c,89
384,44760,3080,62d4f2bbec8f0,71
385,44760,3080,62d4f2bbf27d5,52
386,44760,3080,62d4f2bc9cf65,65
387,44760,3080,62d4f2bca422e,92
388,44760,3080,62d4f2bca929a,90
389,44760,3080,62d4f2bcae251,80
390,44760,3080,62d4f2bcb3636,53
391,44760,3080,62d4f2bcb7f48,54
392,44760,3080,62d4f2bcbc563,17
393,44760,3080,62d4f2bcc0554,60
394,44760,3080,62d4f2bcc45a6,59
395,44760,3080,62d4f2bcc9135,68
396,44760,3080,62d4f2bccde90,62
397,44760,3080,62d4f2bcd28c4,72
398,44760,3080,62d4f2bcd7009,30
399,44760,3080,62d4f2bcdbe1c,35
400,44760,3080,62d4f2bce2076,34
401,44760,3080,62d4f2bce7436,26
402,44760,3080,62d4f2bcebd5d,87
403,44760,3080,62d4f2bcf0fb9,83
406,44760,3080,62d4f2bd0ba94,35
408,44760,3080,62d4f2bd1480c,43
409,44760,3080,62d4f2bd1a152,44
410,44760,3080,62d4f2bd1e76b,50
411,44760,3080,62d4f2bd22c9a,71
412,44760,3080,62d4f2bd2714f,25
413,44760,3080,62d4f2bd2c6e2,68
414,44760,3080,62d4f2bd31126,76
415,44760,3080,62d4f2bd35e99,69
416,44760,3080,62d4f2bd3a855,48
417,44760,3080,62d4f2bd3e8fa,63
418,44760,3080,62d4f2bd42a8a,67
419,44760,3080,62d4f2bd46e7c,56
420,44760,3080,62d4f2bd4baa8,91
421,44760,3080,62d4f2bd4fa6b,64
422,44760,3080,62d4f2bd5a13c,51
423,44760,3080,62d4f2bd5e7d7,30
424,44760,3080,62d4f2bd62e1b,65
425,44760,3080,62d4f2bd67995,20
426,44760,3080,62d4f2bd6bcd5,23
427,44760,3080,62d4f2bd6fe40,60
428,44760,3080,62d4f2bd7525c,63
429,44760,3080,62d4f2bd7a799,53
430,44760,3080,62d4f2bd7fcc9,17
431,44760,3080,62d4f2bd85515,81
432,44760,3080,62d4f2bd8a218,68
433,44760,3080,62d4f2bd8e290,88
434,44760,3080,62d4f2bd921ee,22
435,44760,3080,62d4f2bd960c1,45
436,44760,3080,62d4f2bd9a072,34
437,44760,3080,62d4f2bd9e21a,65
438,44760,3080,62d4f2bda2db9,45
439,44760,3080,62d4f2bda8fee,71
440,44760,3080,62d4f2bdaf01b,34
441,44760,3080,62d4f2bdb4a7b,53
442,44760,3080,62d4f2bdb980c,58
443,44760,3080,62d4f2bdbeb06,59
444,44760,3080,62d4f2bdc2d83,71
445,44760,3080,62d4f2bdc6c3d,53
446,44760,3080,62d4f2bdcb1e6,70
447,44760,3080,62d4f2bdcf5a3,95
448,44760,3080,62d4f2bdd4637,77
449,44760,3080,62d4f2bdd892e,60
450,44760,3080,62d4f2bddcd4e,82
451,44760,3080,62d4f2bde15a6,30
452,44760,3080,62d4f2bde5fa9,39
453,44760,3080,62d4f2bdea0c1,31
454,44760,3080,62d4f2bdee9ed,83
455,44760,3080,62d4f2bdf3a05,55
456,44760,3080,62d4f2be0480e,95
457,44760,3080,62d4f2be097ed,21
458,44760,3080,62d4f2be0fae0,75
459,44760,3080,62d4f2be1504c,76
460,44760,3080,62d4f2be19c82,69
461,44760,3080,62d4f2be1dddb,18
462,44760,3080,62d4f2be21e58,50
463,44760,3080,62d4f2be26224,87
464,44760,3080,62d4f2be2c27b,17
465,44760,3080,62d4f2be31aec,92
466,44760,3080,62d4f2be37507,35
467,44760,3080,62d4f2be3bd17,57
468,44760,3080,62d4f2be3ff43,79
469,44760,3080,62d4f2be44e4a,23
470,44760,3080,62d4f2be4a886,62
472,44760,3080,62d4f2be56550,18
473,44760,3080,62d4f2be5c99e,24
474,44760,3080,62d4f2be61b12,80
475,44760,3080,62d4f2be65b42,35
476,44760,3080,62d4f2be69f46,21
477,44760,3080,62d4f2be6e21a,73
478,44760,3080,62d4f2be72184,62
479,44760,3080,62d4f2be76c16,83
480,44760,3080,62d4f2be7ae81,83
481,44760,3080,62d4f2be7fe0a,22
482,44760,3080,62d4f2be8545a,70
483,44760,3080,62d4f2be8a52b,84
484,44760,3080,62d4f2be8f9c6,39
485,44760,3080,62d4f2be95d02,59
486,44760,3080,62d4f2be9bcf9,46
487,44760,3080,62d4f2be9ffe0,38
488,44760,3080,62d4f2bea4339,67
489,44760,3080,62d4f2c019337,26
490,44760,3080,62d4f2c01f6dc,35
491,44760,3080,62d4f2c0235cf,71
492,44760,3080,62d4f2c0272c7,57
493,44760,3080,62d4f2c02ae97,81
494,44760,3080,62d4f2c02f48d,50
495,44760,3080,62d4f2c033189,63
496,44760,3080,62d4f2c036fb1,86
497,44760,3080,62d4f2c03b89e,49
498,44760,3080,62d4f2c04028e,86
499,44760,3080,62d4f2c043dcb,40
500,44760,3080,62d4f2c047a2e,43
501,44760,3080,62d4f2c04b6f3,43
502,44760,3080,62d4f2c04f192,24
503,44760,3080,62d4f2c052ea8,50
504,44760,3080,62d4f2c056d3b,34
505,44760,3080,62d4f2c05aa18,21
506,44760,3080,62d4f2c05ebb1,41
507,44760,3080,62d4f2c06276d,28
508,44760,3080,62d4f2c066c1f,83
509,44760,3080,62d4f2c06acf2,42
510,44760,3080,62d4f2c06ec45,20
511,44760,3080,62d4f2c072904,65
512,44760,3080,62d4f2c07652f,61
513,44760,3080,62d4f2c07a250,47
514,44760,3080,62d4f2c07e483,71
515,44760,3080,62d4f2c082b51,92
516,44760,3080,62d4f2c086678,37
517,44760,3080,62d4f2c08a4d1,73
518,44760,3080,62d4f2c08e1ef,19
519,44760,3080,62d4f2c091d40,40
520,44760,3080,62d4f2c09578e,57
521,44760,3080,62d4f2c099244,81
522,44760,3080,62d4f2c09ce16,57
523,44760,3080,62d4f2c0a1010,71
524,44760,3080,62d4f2c0a58a6,20
525,44760,3080,62d4f2c0aa6ae,96
526,44760,3080,62d4f2c0af281,42
527,44760,3080,62d4f2c0b3faa,24
528,44760,3080,62d4f2c0b8a85,50
529,44760,3080,62d4f2c0bcd98,43
530,44760,3080,62d4f2c0c0e47,41
531,44760,3080,62d4f2c0c5dd2,40
532,44760,3080,62d4f2c0cadc4,38
533,44760,3080,62d4f2c0cf91d,85
534,44760,3080,62d4f2c0d3391,61
535,44760,3080,62d4f2c0d7484,81
536,44760,3080,62d4f2c0db377,25
537,44760,3080,62d4f2c0df37a,56
538,44760,3080,62d4f2c0e312d,89
539,44760,3080,62d4f2c0e6f2c,41
540,44760,3080,62d4f2c0eac1b,28
541,44760,3080,62d4f2c0ee856,81
542,44760,3080,62d4f2c0f2903,45
543,44760,3080,62d4f2c103007,31
544,44760,3080,62d4f2c1077cb,33
545,44760,3080,62d4f2c10c407,28
546,44760,3080,62d4f2c110e98,38
547,44760,3080,62d4f2c114fbf,78
548,44760,3080,62d4f2c119b80,34
549,44760,3080,62d4f2c11ea42,20
550,44760,3080,62d4f2c123a6e,88
551,44760,3080,62d4f2c128d2a,84
553,44760,5807,62d4f2ffabde0,50
554,44760,5807,62d4f2ffb0c8b,66
555,44760,5807,62d4f2ffb65f2,46
556,44760,5807,62d4f2ffbb3ad,52
557,44760,5807,62d4f2ffc0be9,20
558,44760,5807,62d4f30082866,60
559,44760,5807,62d4f30088320,78
560,44760,5807,62d4f3008d3d8,84
561,44760,5807,62d4f300923f2,31
562,44760,5807,62d4f3009774d,37
563,44760,5807,62d4f3009d780,96
564,44760,5807,62d4f300a290e,90
565,44760,5807,62d4f300a793a,28
566,44760,2627,62d4f361de737,58
567,44760,2627,62d4f361e6a12,29
568,44760,2627,62d4f361ebfe0,89
569,44760,2627,62d4f361f15e0,81
570,44760,2627,62d4f36202044,37
571,44760,2627,62d4f36206a95,75
572,44760,2627,62d4f3620b6a3,36
573,44760,2627,62d4f362107c0,45
574,44760,2627,62d4f36215c02,90
575,44760,2627,62d4f3621aa2b,19
576,44760,2627,62d4f3621fc2e,28
577,44760,2627,62d4f36224e56,80
578,44760,2627,62d4f36229e74,27
579,44760,2627,62d4f3622f249,50
580,44760,2627,62d4f36233cc1,25
581,44760,2627,62d4f36238de8,34
582,44760,2627,62d4f3623f231,70
583,44760,2627,62d4f36244351,66
584,44760,2627,62d4f362493be,77
585,44760,2627,62d4f3624f8dc,45
586,44760,2627,62d4f362559d5,28
587,44760,2627,62d4f3625bda4,30
588,44760,2627,62d4f3626237b,27
589,44760,2627,62d4f362685a5,53
590,44760,2627,62d4f3626e244,62
591,44760,2627,62d4f3627421b,96
592,44760,2627,62d4f3627a256,87
593,44760,2627,62d4f3627fdbc,29
594,44760,2627,62d4f36285835,93
595,44760,2627,62d4f3628c03d,52
596,44760,2627,62d4f36291634,87
597,44760,2627,62d4f36297ab5,29
598,44760,2627,62d4f3629db91,96
599,44760,2627,62d4f362a3bbf,48
600,44760,2627,62d4f362a966e,55
601,44760,2627,62d4f362ae0ae,57
602,44760,2627,62d4f362b2aac,40
603,44760,2627,62d4f362b769d,90
604,44760,2627,62d4f362bc07f,73
605,44760,2627,62d4f362c14bf,26
606,44760,2627,62d4f362c6bd5,65
607,44760,2627,62d4f362cbfb7,92
608,44760,2627,62d4f362d16ac,17
610,44760,2627,62d4f362db931,90
611,44760,2627,62d4f362e0560,23
612,44760,2627,62d4f362e5781,48
613,44760,2627,62d4f362eb3ed,54
614,44760,2627,62d4f362eff24,33
615,44760,2627,62d4f36301109,22
616,44760,2627,62d4f363066f0,24
617,44760,2627,62d4f3630b3af,25
618,44760,2627,62d4f36310a06,88
619,44760,2627,62d4f36315908,41
620,44760,2627,62d4f3631b3b3,59
621,44760,2627,62d4f3632078b,40
622,44760,2627,62d4f36325fdc,30
623,44760,2627,62d4f3632baa0,20
624,44760,2627,62d4f3633124d,54
625,44760,2627,62d4f3633675e,73
626,44760,2627,62d4f3633c1b2,52
627,44760,2627,62d4f36341421,19
628,44760,2627,62d4f36346a6d,62
629,44760,2627,62d4f3634b840,79
630,44760,2627,62d4f36350962,32
631,44760,2627,62d4f36355ef1,26
632,44760,2627,62d4f3635ae99,24
633,44760,2627,62d4f3635ff59,83
634,44760,2627,62d4f36365742,30
635,44760,2627,62d4f3636a6f9,39
636,44760,2627,62d4f3636f4ab,34
637,44760,2627,62d4f36374902,54
638,44760,2627,62d4f363797f9,25
639,44760,2627,62d4f3637e6c5,96
640,44760,2627,62d4f3638331b,91
641,44760,2627,62d4f36388c6f,74
642,44760,2627,62d4f3638e517,48
643,44760,2627,62d4f36393203,35
644,44760,2627,62d4f36398e6a,35
645,44760,2627,62d4f3639e1a0,78
646,44760,2627,62d4f363a3530,34
647,44760,2627,62d4f363a7f55,57
648,44760,2627,62d4f363ad031,19
649,44760,2627,62d4f363b2cfa,65
650,44760,2627,62d4f363b7ad9,64
651,44760,2627,62d4f363bcbfe,66
652,44760,2627,62d4f363c1e24,61
653,44760,2627,62d4f363c6ee4,53
654,44760,2627,62d4f363cc51f,40
655,44760,2627,62d4f363d1141,87
656,44760,2627,62d4f363d5da3,23
657,44760,2627,62d4f363db5d8,53
658,44760,2627,62d4f363e1939,60
659,44760,2627,62d4f363e6761,66
660,44760,2627,62d4f363ed402,96
661,44760,2627,62d4f36499deb,29
662,44760,2627,62d4f364a0dc6,40
663,44760,2627,62d4f364a56c7,62
664,44760,2627,62d4f364a9cc2,76
665,44760,2627,62d4f364ae475,86
666,44760,2627,62d4f364b2d8b,97
667,44760,2627,62d4f364b73a5,90
668,44760,2627,62d4f364bc5c0,22
669,44760,2627,62d4f364c1b82,33
670,44760,2627,62d4f364c7311,38
671,44760,2627,62d4f364cca24,18
672,44760,2627,62d4f364d1335,87
673,44760,2627,62d4f364d60dd,41
674,44760,2627,62d4f364db6c4,35
675,44760,2627,62d4f364e01c4,26
676,44760,2627,62d4f364e4c9b,35
677,44760,2627,62d4f364e9714,56
678,44760,2627,62d4f364ee175,49
679,44760,2627,62d4f364f2af0,55
680,44760,2627,62d4f365033ed,69
681,44760,2627,62d4f36508f11,78
682,44760,2627,62d4f3650e5b6,85
683,44760,2627,62d4f36513f75,60
684,44760,2627,62d4f36518d45,22
685,44760,2627,62d4f3651e4c6,28
686,44760,2627,62d4f365246f3,83
687,44760,2627,62d4f3652a9a8,60
688,44760,2627,62d4f3652f346,17
689,44760,2627,62d4f3653423c,71
690,44760,2627,62d4f36539bd2,40
691,44760,2627,62d4f3653eb9e,47
692,44760,2627,62d4f36543dfc,57
693,44760,2627,62d4f3654910c,45
694,44760,2627,62d4f3654e283,81
695,44760,2627,62d4f36552ff6,80
696,44760,2627,62d4f36557713,48
697,44760,2627,62d4f3655c9a4,97
698,44760,2627,62d4f36560ff0,23
699,44760,2627,62d4f365658e8,56
700,44760,2627,62d4f3656a392,27
701,44760,2627,62d4f3656ed61,18
702,44760,2627,62d4f36573844,51
703,44760,2627,62d4f36579116,77
704,44760,2627,62d4f3657f0ba,58
705,44760,2627,62d4f36584194,27
706,44760,2627,62d4f3658959a,64
707,44760,2627,62d4f3658f297,87
708,44760,2627,62d4f36594d5f,69
709,44760,2627,62d4f3659a986,47
710,44760,2627,62d4f365a0238,56
711,44760,2627,62d4f365a526a,80
712,44760,2627,62d4f365aa2cf,38
713,44760,2627,62d4f365b1535,87
714,44760,2627,62d4f365b9137,45
715,44760,2627,62d4f365c0386,34
716,44760,2627,62d4f365c649d,92
717,44760,2627,62d4f365cd4eb,67
718,44760,2627,62d4f365d3e63,34
719,44760,2627,62d4f365da524,53
720,44760,2627,62d4f366b0a22,73
721,44760,2627,62d4f366b6d70,21
722,44760,2627,62d4f366be3d7,81
723,44760,2627,62d4f366c56c4,18
724,44760,2627,62d4f366cbecd,19
725,44760,2627,62d4f366d1f83,38
726,44760,2627,62d4f366d8f7d,36
727,44760,2627,62d4f366de020,28
728,44760,2627,62d4f366e2e5f,51
729,44760,2627,62d4f366e7fe2,17
730,44760,2627,62d4f366ec89a,76
731,44760,2627,62d4f366f1016,19
732,44760,2627,62d4f3679a1f8,25
733,44760,2627,62d4f367a231c,68
734,44760,2627,62d4f367a7e49,36
735,44760,2627,62d4f367acc50,49
736,44760,2627,62d4f367b1d49,18
737,44760,2627,62d4f367b7278,58
738,44760,2627,62d4f367c06a5,92
739,44760,2627,62d4f367c578e,49
740,44760,2627,62d4f367caa6f,92
741,44760,2627,62d4f367cfc3e,36
742,44760,2627,62d4f367d59f3,92
743,44760,2627,62d4f367dbc42,95
744,44760,2627,62d4f367e1c4e,61
745,44760,2627,62d4f367e699e,34
746,44760,2627,62d4f367eb159,38
747,44760,2627,62d4f367efe75,54
748,44760,2627,62d4f36800cfe,19
749,44760,2627,62d4f36805fbf,63
750,44760,2627,62d4f3680bd82,38
751,44760,2627,62d4f368123b4,96
752,44760,2627,62d4f368173ae,96
753,44760,2627,62d4f3681c215,29
754,44760,2627,62d4f36821238,26
755,44760,2627,62d4f368265a0,50
756,44760,2627,62d4f3682bae5,58
757,44760,2627,62d4f36830c06,88
758,44760,2627,62d4f368366ee,71
759,44760,2627,62d4f3683b6b7,38
760,44760,2627,62d4f3684187d,44
761,44760,2627,62d4f36846e46,78
762,44760,2627,62d4f3684bb8f,43
763,44760,2627,62d4f36850a58,17
764,44760,2627,62d4f368559c9,81
765,44760,2627,62d4f3685ac5b,54
766,44760,2627,62d4f3686042a,82
767,44760,2627,62d4f36865961,96
768,44760,2627,62d4f3686ab4b,66
769,44760,2627,62d4f368705ae,43
770,44760,2627,62d4f36876598,87
771,44760,2627,62d4f3687f388,33
772,44760,2627,62d4f36884e2f,75
773,44760,2627,62d4f3688a15b,82
774,44760,2627,62d4f3688fd42,55
775,44760,2627,62d4f36895d70,92
776,44760,2627,62d4f3689c794,39
777,44760,2627,62d4f368a1c54,80
778,44760,2627,62d4f368a711d,69
779,44760,2627,62d4f368ac539,97
780,44760,2627,62d4f368b30da,72
781,44760,2627,62d4f368ba21d,73
782,44760,2627,62d4f368c0f7f,92
783,44760,2627,62d4f368c70e8,61
784,44760,2627,62d4f368ccffe,79
785,44760,2627,62d4f368d27f4,68
786,44760,2627,62d4f368d7e07,66
787,44760,2627,62d4f368dd604,58
788,44760,2627,62d4f368e2e04,80
789,44760,2627,62d4f368e8a8c,25
790,44760,2627,62d4f368eedcd,17
791,44760,2627,62d4f36900440,92
792,44760,2627,62d4f36905828,76
793,44760,2627,62d4f3690b39e,41
794,44760,2627,62d4f3691094d,88
795,44760,2627,62d4f36916059,40
796,44760,2627,62d4f3691b961,22
797,44760,2627,62d4f36921e27,72
798,44760,2627,62d4f36927551,39
799,44760,2627,62d4f3692d398,80
800,44760,2627,62d4f36932868,68
801,44760,2627,62d4f3693760b,20
802,44760,2627,62d4f3693c4c8,83
803,44760,2627,62d4f36941a79,83
804,44760,2627,62d4f36946a7f,91
805,44760,2627,62d4f3694bab4,79
806,44760,2627,62d4f36950c6d,92
807,44760,2627,62d4f36955b46,72
808,44760,2627,62d4f3695b9b9,69
809,44760,2627,62d4f36960b6f,44
810,44760,2627,62d4f36965df7,64
811,44760,2627,62d4f3696a6a3,50
812,44760,2627,62d4f3696ef0a,78
813,44760,2627,62d4f369741da,85
814,44760,2627,62d4f369795df,60
815,44760,2627,62d4f3697df02,33
816,44760,2627,62d4f36982cf4,88
817,44760,2627,62d4f36987555,19
818,44760,2627,62d4f3698c35a,24
819,44760,2627,62d4f36991c72,77
820,44760,2627,62d4f36996fac,97
821,44760,2627,62d4f3699d10a,21
822,44760,2627,62d4f369a2357,62
823,44760,2627,62d4f369a710d,71
824,44760,2627,62d4f369ad724,59
825,44760,2627,62d4f369b27ba,40
826,44760,2627,62d4f369b72d9,68
827,44760,2627,62d4f369bbf5c,65
828,44760,2627,62d4f369c0853,97
829,44760,2627,62d4f369c5571,37
830,44760,2627,62d4f369cad1c,60
831,44760,2627,62d4f369d01b0,80
832,44760,2627,62d4f369d5214,38
833,44760,2627,62d4f369da2ae,68
834,44760,2627,62d4f369def95,50
835,44760,2627,62d4f369e4b5b,62
836,44760,2627,62d4f369eacf1,70
837,44760,2627,62d4f369f0fbd,81
838,44760,2627,62d4f36a97fcf,21
839,44760,2627,62d4f36a9ef35,94
840,44760,2627,62d4f36aa3e35,23
841,44760,2627,62d4f36aa8f28,52
842,44760,2627,62d4f36aaea1b,38
843,44760,2627,62d4f36ab3c5f,31
844,44760,2627,62d4f36ab8e7b,27
845,44760,2627,62d4f36abdbb5,90
846,44760,2627,62d4f36ac885a,78
847,44760,2627,62d4f36acdaac,33
848,44760,2627,62d4f36ad2cc4,66
849,44760,2627,62d4f36ad92e0,23
850,44760,2627,62d4f36ade045,95
851,44760,2627,62d4f36ae2c06,63
852,44760,2627,62d4f36ae7a03,47
853,44760,2627,62d4f36aecb2d,40
854,44760,2627,62d4f36af1863,20
855,44760,2627,62d4f36b024fe,34
856,44760,2627,62d4f36b07a29,67
857,44760,2627,62d4f36b0c6ad,68
858,44760,2627,62d4f36b11429,76
859,44760,2627,62d4f36b162e6,17
860,44760,2627,62d4f36b1ae6a,31
861,44760,2627,62d4f36b1fc07,33
862,44760,2627,62d4f36b24aa2,70
863,44760,2627,62d4f36b2992f,68
864,44760,2627,62d4f36b2e93b,19
865,44760,2627,62d4f36b33ab8,42
866,44760,2627,62d4f36b38b46,81
867,44760,2627,62d4f36b3e02f,30
868,44760,2627,62d4f36b42f4c,58
869,44760,2627,62d4f36b48490,65
870,44760,2627,62d4f36b4dbb2,81
871,44760,2627,62d4f36b53631,56
872,44760,2627,62d4f36b58b1a,91
873,44760,2627,62d4f36b5dc4f,41
874,44760,2627,62d4f36b62c4b,73
875,44760,2627,62d4f36b67931,94
876,44760,2627,62d4f36b6c9d4,46
877,44760,2627,62d4f36b71813,47
878,44760,2627,62d4f36b76865,91
879,44760,2627,62d4f36b7b5d4,93
880,44760,2627,62d4f36b805d2,50
881,44760,2627,62d4f36b85a00,44
882,44760,2627,62d4f36b8a9f1,58
883,44760,2627,62d4f36b8f610,70
884,44760,2627,62d4f36b94091,46
885,44760,2627,62d4f36b98d04,84
886,44760,2627,62d4f36b9e816,61
887,44760,2627,62d4f36ba40ad,93
888,44760,2627,62d4f36ba9a23,24
889,44760,2627,62d4f36baf460,28
890,44760,2627,62d4f36bb49b8,55
891,44760,2627,62d4f36bba529,93
892,44760,2627,62d4f36bbf7d3,63
893,44760,2627,62d4f36bc4d9f,29
894,44760,2627,62d4f36bcbdf9,19
895,44760,2627,62d4f36bd2138,44
896,44760,2627,62d4f36bd805a,45
897,44760,2627,62d4f36bde443,95
898,44760,2627,62d4f36be4786,75
899,44760,2627,62d4f36beb836,46
900,44760,2627,62d4f36bf1ef4,46
901,44760,2627,62d4f36c03dcd,19
902,44760,2627,62d4f36c0a8d4,86
903,44760,2627,62d4f36c11a84,79
904,44760,2627,62d4f36c18294,57
905,44760,2627,62d4f36c1f07f,50
906,44760,2627,62d4f36c267c5,27
907,44760,2627,62d4f36c2dae1,42
908,44760,2627,62d4f36c35345,43
909,44760,2627,62d4f36c3c9f7,61
910,44760,2627,62d4f36c4425c,60
911,44760,2627,62d4f36c4b01d,30
912,44760,2627,62d4f36c513e1,21
913,44760,2627,62d4f36c5880b,74
914,44760,2627,62d4f36c5dec0,82
915,44760,2627,62d4f36c62f5f,83
916,44760,2627,62d4f36c67b9c,30
917,44760,2627,62d4f36c6d0fd,68
918,44760,2627,62d4f36c74228,37
919,44760,2627,62d4f36c7c41c,24
920,44760,2627,62d4f36c831a3,48
921,44760,2627,62d4f36c8a49b,37
922,44760,2627,62d4f36c91b12,76
923,44760,2627,62d4f36c98a7e,27
924,44760,2627,62d4f36ca0955,94
925,44760,2627,62d4f36ca850d,17
926,44760,2627,62d4f36cb0a5c,56
927,44760,2627,62d4f36cb7b11,57
928,44760,2627,62d4f36e068f5,93
929,44760,2627,62d4f36e0e38f,44
930,44760,2627,62d4f36e138b9,90
931,44760,2627,62d4f36e18a9e,40
932,44760,2627,62d4f36e1e171,41
933,44760,2627,62d4f36e23c50,83
934,44760,2627,62d4f36e29475,36
935,44760,2627,62d4f36e2e256,58
936,44760,2627,62d4f36e32ca6,26
937,44760,2627,62d4f36e37dc6,27
938,44760,2627,62d4f36e3cc54,75
939,44760,2627,62d4f36e418d4,25
940,44760,2627,62d4f36e46a37,34
941,44760,2627,62d4f36e4bc53,41
942,44760,2627,62d4f36e50c73,51
943,44760,2627,62d4f36e55c1e,80
944,44760,2627,62d4f36e5b2cf,56
945,44760,2627,62d4f36e60ab2,20
946,44760,2627,62d4f36e66b2a,58
947,44760,2627,62d4f36e6c639,25
948,44760,2627,62d4f36e716af,75
949,44760,2627,62d4f36e76783,71
950,44760,2627,62d4f36e7b72c,53
951,44760,2627,62d4f36e81988,49
952,44760,2627,62d4f36e86dde,36
953,44760,2627,62d4f36e8c028,96
954,44760,2627,62d4f36e91687,54
955,44760,2627,62d4f36e967b8,46
956,44760,2627,62d4f36e9b6e0,57
957,44760,2627,62d4f36ea063b,69
958,44760,2627,62d4f36ea5548,29
959,44760,2627,62d4f36eaa1c9,94
960,44760,2627,62d4f36eaef63,80
961,44760,2627,62d4f36eb3db2,52
962,44760,2627,62d4f36eb8f22,39
963,44760,2627,62d4f36ebe178,69
964,44760,2627,62d4f36ec3173,92
965,44760,2627,62d4f36ec837d,21
966,44760,2627,62d4f36ecd232,71
967,44760,2627,62d4f36ed218f,89
968,44760,2627,62d4f36ed7163,87
969,44760,2627,62d4f36edc205,35
970,44760,2627,62d4f36ee167c,33
971,44760,2627,62d4f36ee6bc1,48
972,44760,2627,62d4f36eebcba,25
973,44760,2627,62d4f36ef0b1b,71
974,44760,2627,62d4f36f02db9,63
975,44760,2627,62d4f36f08a59,29
976,44760,2627,62d4f36f10182,46
977,44760,2627,62d4f36f16019,95
978,44760,2627,62d4f36f1bf19,76
979,44760,2627,62d4f36f22186,23
980,44760,2627,62d4f36f27635,69
981,44760,2627,62d4f36f2c3f2,19
982,44760,2627,62d4f36f31678,58
983,44760,2627,62d4f36f35d7e,88
984,44760,2627,62d4f36f3b05f,42
985,44760,2627,62d4f36f400f1,51
986,44760,2627,62d4f36f45df6,92
987,44760,2627,62d4f36f4c3a3,81
988,44760,2627,62d4f36f529c7,19
989,44760,2627,62d4f36f595f1,62
990,44760,2627,62d4f36f60edf,18
991,44760,2627,62d4f36f68231,45
992,44760,2627,62d4f36f6eaf1,73
993,44760,2627,62d4f36f74da8,89
994,44760,2627,62d4f36f7aee8,50
995,44760,2627,62d4f36f80c70,69
996,44760,2627,62d4f36f85c2c,82
997,44760,2627,62d4f36f8b2a5,60
998,44760,2627,62d4f36f90761,25
999,44760,2627,62d4f36f951e8,26
1000,44760,2627,62d4f36f9a906,64
1001,44760,2627,62d4f36f9f144,53
1002,44760,2627,62d4f36fa39d8,23
1003,44760,2627,62d4f36fa8306,88
1004,44760,2627,62d4f36faca10,50
1005,44760,2627,62d4f36fb0f37,89
1006,44760,2627,62d4f36fb541b,34
1007,44760,2627,62d4f36fb9c84,26
1008,44760,2627,62d4f36fbe695,52
1009,44760,2627,62d4f36fc3c72,64
1010,44760,2627,62d4f36fc94d8,18
1011,44760,2627,62d4f36fcf21d,80
1012,44760,2627,62d4f36fd4e10,63
1013,44760,2627,62d4f36fda6eb,56
1014,44760,2627,62d4f36fdfd4f,60
1015,44760,2627,62d4f36fe4800,19
1016,44760,2627,62d4f36fe8f63,88
1017,44760,2627,62d4f36fed5c4,54
1018,44760,2627,62d4f36ff1da8,64
1019,44760,2627,62d4f3700227e,90
1020,44760,2627,62d4f3700662b,48
1021,44760,2627,62d4f3700a8c0,81
1022,44760,2627,62d4f3700f329,61
1023,44760,2627,62d4f370138c7,39
1024,44760,2627,62d4f3701838e,92
1025,44760,2627,62d4f3701c957,64
1026,44760,2627,62d4f37020f85,70
1027,44760,2627,62d4f37025392,67
1028,44760,2627,62d4f37029bc1,61
1029,44760,2627,62d4f3702ebd0,56
1030,44760,2627,62d4f370336dd,71
1031,44760,2627,62d4f37037feb,70
1032,44760,2627,62d4f3703da3a,58
1033,44760,2627,62d4f370432bc,61
1034,44760,2627,62d4f3704806c,61
1035,44760,2627,62d4f3704cf79,51
1036,44760,2627,62d4f370517d4,18
1037,44760,2627,62d4f37055c38,19
1038,44760,2627,62d4f3705a55d,29
1039,44760,2627,62d4f3705ec08,87
1040,44760,2627,62d4f37063318,69
1041,44760,2627,62d4f37067b93,65
1042,44760,2627,62d4f3706c150,93
1043,44760,2627,62d4f370708a9,29
1044,44760,2627,62d4f37074ec8,47
1045,44760,2627,62d4f37079a94,79
1046,44760,2627,62d4f3707e216,53
1047,44760,2627,62d4f37082cc0,70
1048,44760,2627,62d4f37087689,78
1049,44760,2627,62d4f3708bd1f,26
1050,44760,2627,62d4f370906f6,88
1051,44760,2627,62d4f370957fa,30
1052,44760,2627,62d4f3709a606,50
1053,44760,2627,62d4f3709fd16,41
1054,44760,2627,62d4f370a4320,78
1055,44760,2627,62d4f370a8e5c,80
1056,44760,2627,62d4f370ad61a,40
1057,44760,2627,62d4f370b1a41,30
1058,44760,2627,62d4f370b5cf0,34
1059,44760,2627,62d4f370b9f0e,21
1060,44760,2627,62d4f370be110,97
1061,44760,2627,62d4f370c27fe,94
1062,44760,2627,62d4f370c6e11,67
1063,44760,2627,62d4f370cb3b3,29
1064,44760,2627,62d4f370d01dc,74
1065,44760,2627,62d4f370d4a12,41
1066,44760,2627,62d4f370d9622,49
1067,44760,2627,62d4f370de20c,47
1068,44760,2627,62d4f370e2c80,23
1069,44760,2627,62d4f370e76d9,81
1070,44760,2627,62d4f370ebf03,77
1071,44760,2627,62d4f370f07b6,36
1072,44760,2627,62d4f3719a8e6,33
1073,44760,2627,62d4f371a44b4,89
1074,44760,2627,62d4f371ac233,53
1075,44760,2627,62d4f371b3999,61
1076,44760,2627,62d4f371bad40,25
1077,44760,2627,62d4f371c23ad,67
1078,44760,2627,62d4f371c873d,72
1079,44760,2627,62d4f371cfc8b,27
1080,44760,2627,62d4f371d5eba,95
1081,44760,2627,62d4f371dbb10,76
1082,44760,2627,62d4f371e0173,49
1083,44760,2627,62d4f371e5522,90
1084,44760,2627,62d4f371ec803,91
1085,44760,2627,62d4f371f34f1,38
1086,44760,2627,62d4f37203e4d,68
1087,44760,2627,62d4f3720806b,29
1088,44760,2627,62d4f3720c375,89
1089,44760,2627,62d4f372127ec,77
1090,44760,2627,62d4f37218301,27
1091,44760,2627,62d4f3721da74,92
1092,44760,2627,62d4f37223fa5,39
1093,44760,2627,62d4f3722ab81,43
1094,44760,2627,62d4f3722fd12,96
1095,44760,2627,62d4f37234b5b,91
1096,44760,2627,62d4f372390ae,47
1097,44760,2627,62d4f3723df86,22
1098,44760,2627,62d4f3724370c,31
1099,44760,2627,62d4f3724a3a7,54
1100,44760,2627,62d4f3725105c,78
1101,44760,2627,62d4f37256785,38
1102,44760,2627,62d4f3725b6f7,58
1103,44760,2627,62d4f37260a8d,29
1104,44760,2627,62d4f37265965,85
1105,44760,2627,62d4f3726a393,41
1106,44760,2627,62d4f3726eeb0,35
1107,44760,2627,62d4f372738eb,82
1108,44760,2627,62d4f3727827f,21
1109,44760,2627,62d4f3727d7e0,23
1110,44760,2627,62d4f3728225f,83
1111,44760,2627,62d4f3728638a,81
1112,44760,2627,62d4f3728a37e,70
1113,44760,2627,62d4f3728eb16,42
1114,44760,2627,62d4f37292d5f,90
1115,44760,2627,62d4f37296f7e,39
1116,44760,2627,62d4f3729b105,41
1117,44760,2627,62d4f3729fc2a,19
1118,44760,2627,62d4f372a3edb,26
1119,44760,2627,62d4f372a8048,39
1120,44760,2627,62d4f372ac8f1,80
1121,44760,2627,62d4f372b0e39,22
1122,44760,2627,62d4f372b50f7,61
1123,44760,2627,62d4f372b927e,87
1124,44760,2627,62d4f372bddb9,87
1125,44760,2627,62d4f372c2a2f,59
1126,44760,2627,62d4f372c7412,33
1127,44760,2627,62d4f372cbb82,55
1128,44760,2627,62d4f372d0452,72
1129,44760,2627,62d4f372d4ff9,80
1130,44760,2627,62d4f372d9864,68
1131,44760,2627,62d4f372dec45,85
1132,44760,2627,62d4f372e3b44,80
1133,44760,2627,62d4f372e80c3,20
1134,44760,2627,62d4f372ecdd0,50
1135,44760,2627,62d4f372f27d5,54
1136,44760,2627,62d4f37303a2b,95
1137,44760,2627,62d4f37308ef0,76
1138,44760,2627,62d4f3730e3c1,38
1139,44760,2627,62d4f37313672,72
1140,44760,2627,62d4f373189b2,45
1141,44760,2627,62d4f3731e533,72
1142,44760,2627,62d4f37323933,26
1143,44760,2627,62d4f37328fc1,74
1144,44760,2627,62d4f3732f396,74
1145,44760,2627,62d4f3733383d,55
1146,44760,2627,62d4f37338ae4,66
1147,44760,2627,62d4f3733eb7c,90
1148,44760,2627,62d4f37345581,88
1149,44760,2627,62d4f3734c88f,25
1150,44760,2627,62d4f37352f3b,39
1151,44760,2627,62d4f37359420,78
1152,44760,2627,62d4f3735eec4,55
1153,44760,2627,62d4f37365049,93
1154,44760,2627,62d4f3736a54b,59
1155,44760,2627,62d4f373718a5,65
1156,44760,2627,62d4f3737892d,92
1157,44760,2627,62d4f3737e579,74
1158,44760,2627,62d4f3738454d,55
1159,44760,2627,62d4f3738a618,69
1160,44760,2627,62d4f3738f725,39
1161,44760,2627,62d4f37393cbb,97
1162,44760,2627,62d4f373987d8,92
1163,44760,2627,62d4f3739ce16,75
1164,44760,2627,62d4f373a101e,18
1165,44760,2627,62d4f373a5327,62
1166,44760,2627,62d4f373a9aa7,45
1167,44760,2627,62d4f373ae42a,57
1168,44760,2627,62d4f373b2ac9,30
1169,44760,2627,62d4f373b7588,29
1170,44760,2627,62d4f373bc06d,41
1171,44760,2627,62d4f373c0d4a,60
1172,44760,2627,62d4f373c596d,70
1173,44760,2627,62d4f373c9b4f,53
1174,44760,2627,62d4f373cf139,72
1175,44760,2627,62d4f373d3223,78
1176,44760,2627,62d4f373d73b4,49
1177,44760,2627,62d4f373db680,57
1178,44760,2627,62d4f373dfb20,20
1179,44760,2627,62d4f373e5943,91
1180,44760,2627,62d4f373ea1bb,49
1181,44760,2627,62d4f373ee747,29
1182,44760,2627,62d4f373f33e1,74
1183,44760,2627,62d4f37498fe1,29
1184,44760,2627,62d4f3749fadd,44
1185,44760,2627,62d4f374a529a,62
1186,44760,2627,62d4f374aa712,83
1187,44760,2627,62d4f374aee8d,58
1188,44760,2627,62d4f374b326d,68
1189,44760,2627,62d4f374b777e,47
1190,44760,2627,62d4f374bd1b0,69
1191,44760,2627,62d4f374c25d3,74
1192,44760,2627,62d4f374c757d,91
1193,44760,2627,62d4f374cbe2e,87
1194,44760,2627,62d4f374d061e,96
1195,44760,2627,62d4f374d4d6d,50
1196,44760,2627,62d4f374d93d3,92
1197,44760,2627,62d4f374ddb36,84
1198,44760,2627,62d4f374e2576,96
1199,44760,2627,62d4f374e6cf1,59
1200,44760,2627,62d4f374eb3e2,72
1201,44760,2627,62d4f374efc83,78
1202,44760,2627,62d4f375002ac,47
1203,44760,2627,62d4f375049de,58
1204,44760,2627,62d4f37508f3d,91
1205,44760,2627,62d4f3750d403,48
1206,44760,2627,62d4f3751190d,48
1207,44760,2627,62d4f375169f8,89
1208,44760,2627,62d4f3751bb23,92
1209,44760,2627,62d4f3752171f,71
1210,44760,2627,62d4f37526f0e,77
1211,44760,2627,62d4f3752bbd3,53
1212,44760,2627,62d4f37530587,87
1213,44760,2627,62d4f37534bc4,83
1214,44760,2627,62d4f375392b1,48
1215,44760,2627,62d4f3753d6aa,29
1216,44760,2627,62d4f37541a87,22
1217,44760,2627,62d4f37546172,84
1218,44760,2627,62d4f3754a59c,20
1219,44760,2627,62d4f3754efe7,68
1220,44760,2627,62d4f375537e6,94
1221,44760,2627,62d4f37557f41,70
1222,44760,2627,62d4f3755c3f9,31
1223,44760,2627,62d4f3756082d,74
1224,44760,2627,62d4f375650e7,76
1225,44760,2627,62d4f37569c5b,57
1226,44760,2627,62d4f3756e5c3,89
1227,44760,2627,62d4f37572fd5,42
1228,44760,2627,62d4f375782b1,34
1229,44760,2627,62d4f3757dd0e,54
1230,44760,2627,62d4f37582556,66
1231,44760,2627,62d4f37587743,79
1232,44760,2627,62d4f3758c1e5,76
1233,44760,2627,62d4f37590c0c,85
1234,44760,2627,62d4f375951f6,73
1235,44760,2627,62d4f37599946,43
1236,44760,2627,62d4f3759e4a3,29
1237,44760,2627,62d4f375a2d8e,62
1238,44760,2627,62d4f375a7558,94
1239,44760,2627,62d4f375abb7e,23
1240,44760,2627,62d4f375b0325,96
1241,44760,2627,62d4f375b4903,55
1242,44760,2627,62d4f375b8dfb,76
1243,44760,2627,62d4f375bdc07,49
1244,44760,2627,62d4f375c2560,49
1245,44760,2627,62d4f375c6e34,36
1246,44760,2627,62d4f375cbc6e,95
1247,44760,2627,62d4f375d0f27,28
1248,44760,2627,62d4f375d593a,20
1249,44760,2627,62d4f375dad35,43
1250,44760,2627,62d4f375df9d6,91
1251,44760,2627,62d4f375e4b95,24
1252,44760,2627,62d4f375e9887,89
1253,44760,2627,62d4f375edecb,17
1254,44760,2627,62d4f375f2bc1,68
1255,44760,2627,62d4f37602f2f,55
1256,44760,2627,62d4f37607341,36
1257,44760,2627,62d4f3760b601,51
1258,44760,2627,62d4f3760fc9a,38
1259,44760,2627,62d4f37614639,17
1260,44760,2627,62d4f37618842,31
1261,44760,2627,62d4f3761ce1b,69
1262,44760,2627,62d4f376212d0,25
1263,44760,2627,62d4f3762580f,31
1264,44760,2627,62d4f37629b40,68
1265,44760,2627,62d4f3762dd6b,83
1266,44760,2627,62d4f37631ec4,94
1267,44760,2627,62d4f37635fcf,91
1268,44760,2627,62d4f3763a169,23
1269,44760,2627,62d4f3763e48f,94
1270,44760,2627,62d4f376418db,42
1271,44760,2627,62d4f37644dd3,83
1272,44760,2627,62d4f37649483,68
1273,44760,2627,62d4f3764d61f,80
1274,44760,2627,62d4f3765171a,44
1275,44760,2627,62d4f3765589b,61
1276,44760,2627,62d4f376598c5,86
1277,44760,2627,62d4f3765df6d,30
1278,44760,2627,62d4f3766281e,80
1279,44760,2627,62d4f37667bbe,33
1280,44760,2627,62d4f3766ce40,62
1281,44760,2627,62d4f376720db,89
1282,44760,2627,62d4f37677558,75
1283,44760,2627,62d4f3767c005,29
1284,44760,2627,62d4f37680846,92
1285,44760,2627,62d4f37685488,60
1286,44760,2627,62d4f37689c26,23
1287,44760,2627,62d4f3768e2ed,24
1288,44760,2627,62d4f37692b7b,53
1289,44760,2627,62d4f37696fad,46
1290,44760,2627,62d4f3769b563,20
1291,44760,2627,62d4f376a100f,97
1292,44760,2627,62d4f376a6ab4,86
1293,44760,2627,62d4f376ac243,72
1294,44760,2627,62d4f376b192a,83
1295,44760,2627,62d4f376b7514,18
1296,44760,2627,62d4f376bc876,58
1297,44760,2550,62d4f3dd3c6d8,74
1298,44760,2550,62d4f3dd478b3,55
1299,44760,2550,62d4f3dd4e13b,61
1300,44760,2550,62d4f3dd5352c,91
1301,44760,2550,62d4f3dd583e9,24
1302,44760,2550,62d4f3dd5da97,85
1304,44760,2550,62d4f3dd673e6,60
1311,44760,2550,62d4f3dd8a290,60
1312,44760,2550,62d4f3dd8f641,68
1313,44760,2550,62d4f3dd94330,92
1314,44760,2550,62d4f3dd98eb5,74
1315,44760,2550,62d4f3dd9db8d,52
1316,44760,2550,62d4f3dda2a9e,58
1317,44760,2550,62d4f3dda7b27,25
1318,44760,2550,62d4f3ddad261,91
1319,44760,2550,62d4f3ddb2233,95
1320,44760,2550,62d4f3ddb6fd3,45
1321,44760,2550,62d4f3ddbbf59,49
1322,44760,2550,62d4f3ddc0731,33
1323,44760,2550,62d4f3ddc4e1d,69
1324,44760,2550,62d4f3ddc9a08,77
1325,44760,2550,62d4f3ddce872,97
1326,44760,2550,62d4f3ddd385e,22
1327,44760,2550,62d4f3ddd89f1,97
1328,44760,2550,62d4f3ddddcd2,23
1329,44760,2550,62d4f3dde3697,83
1330,44760,2550,62d4f3dde8d9d,74
1331,44760,2550,62d4f3ddee0d5,84
1332,44760,2550,62d4f3de00ff8,23
1333,44760,2550,62d4f3de07302,29
1334,44760,2550,62d4f3de0cafc,60
1335,44760,2550,62d4f3de11bde,96
1336,44760,2550,62d4f3de17437,50
1337,44760,2550,62d4f3de1d53f,71
1338,44760,2550,62d4f3de23ac2,68
1339,44760,2550,62d4f3de2ac2d,95
1340,44760,2550,62d4f3de31038,80
1341,44760,2550,62d4f3de362fa,45
1342,44760,2550,62d4f3de3bd0c,28
1344,44760,2550,62d4f3de46215,83
1348,44760,2550,62d4f3de5b849,24
1353,44760,2550,62d4f3de76217,31
1354,44760,2550,62d4f3de7b4e9,95
1357,44760,2550,62d4f3de8d024,17
1358,44760,2550,62d4f3de92879,77
1360,44760,2550,62d4f3de9dbd6,97
1361,44760,2550,62d4f3dea3d59,65
1364,44760,2550,62d4f3deb3aa6,91
1367,44760,2550,62d4f3dec43fb,81
1369,44760,2550,62d4f3dece6fa,83
1370,44760,2550,62d4f3ded35e2,41
1371,44760,2550,62d4f3ded8412,56
1372,44760,2550,62d4f3dede026,30
1373,44760,2550,62d4f3dee3107,49
1374,44760,2550,62d4f3dee8882,62
1375,44760,2550,62d4f3deee0b6,72
1376,44760,2550,62d4f3def305f,43
1377,44760,2550,62d4f3df03e59,18
1378,44760,2550,62d4f3df0978e,88
1379,44760,2550,62d4f3df0e84a,69
1380,44760,2550,62d4f3df149ca,53
1381,44760,2550,62d4f3df19ddd,77
1382,44760,2550,62d4f3df1f031,26
1383,44760,2550,62d4f3df24d3b,51
1384,44760,2550,62d4f3df2be49,79
1385,44760,2550,62d4f3df327d2,62
1386,44760,2550,62d4f3df3913d,77
1387,44760,2550,62d4f3df3f89a,79
1388,44760,2550,62d4f3df459fb,70
1389,44760,2550,62d4f3df4b76c,39
1390,44760,2550,62d4f3df51754,69
1391,44760,2550,62d4f3df586ce,95
1392,44760,2550,62d4f3df5f7d8,80
1393,44760,2550,62d4f3df67df5,35
1394,44760,2550,62d4f3df700df,94
1395,44760,2550,62d4f3df773e0,66
1396,44760,2550,62d4f3df7d40d,89
1397,44760,2550,62d4f3df844e3,86
1398,44760,2550,62d4f3df8adf9,74
1399,44760,2550,62d4f3df90517,41
1400,44760,2550,62d4f3df959ab,89
1401,44760,2550,62d4f3df9b196,34
1402,44760,2550,62d4f3dfa1e2d,69
1403,44760,2550,62d4f3dfa8c24,58
1404,44760,2550,62d4f3dfaf356,71
1405,44760,2550,62d4f3dfb6213,48
1406,44760,2550,62d4f3dfbcda6,82
1407,44760,2550,62d4f3dfc2da9,67
1408,44760,2550,62d4f3dfca84d,90
1409,44760,2550,62d4f3dfd1f1d,53
1410,44760,2550,62d4f3dfd8574,53
1411,44760,2550,62d4f3dfdebcc,42
1412,44760,2550,62d4f3dfe6dfa,46
1413,44760,2550,62d4f3dfef434,92
1414,44760,2550,62d4f3e0a3f0b,42
1415,44760,2550,62d4f3e0abb93,32
1416,44760,2550,62d4f3e0b1218,20
1417,44760,2550,62d4f3e0b6c3d,60
1418,44760,2550,62d4f3e0bc127,28
1419,44760,2550,62d4f3e0c170d,48
1420,44760,2550,62d4f3e0c6c95,40
1421,44760,2550,62d4f3e0cbf23,69
1422,44760,2550,62d4f3e0d134d,95
1423,44760,2550,62d4f3e0d69d0,95
1424,44760,2550,62d4f3e0dd8f0,37
1425,44760,2550,62d4f3e0e468f,85
1426,44760,2550,62d4f3e0eb360,85
1427,44760,2550,62d4f3e0f0e18,38
1428,44760,2550,62d4f3e102cdd,59
1429,44760,2550,62d4f3e109ece,80
1430,44760,2550,62d4f3e110f06,75
1431,44760,2550,62d4f3e117cbd,25
1432,44760,2550,62d4f3e11dea5,75
1433,44760,2550,62d4f3e124237,84
1434,44760,2550,62d4f3e12b012,36
1435,44760,2550,62d4f3e130c10,87
1436,44760,2550,62d4f3e13711d,44
1437,44760,2550,62d4f3e13d58e,39
1438,44760,2550,62d4f3e14409e,40
1439,44760,2550,62d4f3e14a9ea,59
1440,44760,2550,62d4f3e151eed,25
1441,44760,2550,62d4f3e15998f,62
1442,44760,2550,62d4f3e161c04,91
1443,44760,2550,62d4f3e169065,59
1444,44760,2550,62d4f3e16fec4,41
1445,44760,2550,62d4f3e175e66,61
1446,44760,2550,62d4f3e17c073,87
1447,44760,2550,62d4f3e1836d2,22
1448,44760,2550,62d4f3e18b1db,18
1449,44760,2550,62d4f3e192aac,79
1450,44760,2550,62d4f3e1999c7,47
1451,44760,2550,62d4f3e19ffb0,29
1452,44760,2550,62d4f3e1a6791,34
1453,44760,2550,62d4f3e1ac9c1,67
1454,44760,2550,62d4f3e1b4fd3,43
1455,44760,2550,62d4f3e1bbbd3,96
1456,44760,2550,62d4f3e1c16ef,34
1457,44760,2550,62d4f3e1c7467,20
1458,44760,2550,62d4f3e1cc91b,54
1459,44760,2550,62d4f3e1d26d5,65
1460,44760,2550,62d4f3e1d7b34,41
1461,44760,2550,62d4f3e1dcdfa,75
1462,44760,2550,62d4f3e1e21c1,47
1463,44760,2550,62d4f3e1e768e,89
1464,44760,2550,62d4f3e1ecd9d,32
1465,44760,2550,62d4f3e1f1e83,18
1466,44760,2550,62d4f3e202fbb,52
1467,44760,2550,62d4f3e208163,20
1468,44760,2550,62d4f3e20d480,96
1469,44760,2550,62d4f3e21259e,74
1470,44760,2550,62d4f3e218141,73
1471,44760,2550,62d4f3e21d87f,22
1472,44760,2550,62d4f3e2229df,82
1473,44760,2550,62d4f3e227bd4,78
1474,44760,2550,62d4f3e22ce88,17
1475,44760,2550,62d4f3e232267,55
1476,44760,2550,62d4f3e23787f,23
1477,44760,2550,62d4f3e23d58f,76
1478,44760,2550,62d4f3e242fac,63
1479,44760,2550,62d4f3e24868a,29
1480,44760,2550,62d4f3e24f34e,24
1481,44760,2550,62d4f3e255faa,29
1482,44760,2550,62d4f3e25e57c,34
1483,44760,2550,62d4f3e265ed1,97
1485,44760,2550,62d4f3e2722c7,89
1486,44760,2550,62d4f3e277a17,30
1487,44760,2550,62d4f3e27d4e5,46
1488,44760,2550,62d4f3e282e98,85
1489,44760,2550,62d4f3e2883ab,81
1490,44760,2550,62d4f3e28d8df,82
1491,44760,2550,62d4f3e292c49,40
1492,44760,2550,62d4f3e29824a,96
1493,44760,2550,62d4f3e29d573,27
1494,44760,2550,62d4f3e2a2c3f,85
1495,44760,2550,62d4f3e2a8c58,67
1496,44760,2550,62d4f3e2ae897,42
1497,44760,2550,62d4f3e2b3a29,79
1498,44760,2550,62d4f3e2b8acd,35
1499,44760,2550,62d4f3e2bdeed,24
1500,44760,2550,62d4f3e2c2fd6,83
1501,44760,2550,62d4f3e2c843d,63
1502,44760,2550,62d4f3e2ce1d8,65
1503,44760,2550,62d4f3e2d5093,59
1504,44760,2550,62d4f3e2dad69,67
1505,44760,2550,62d4f3e2e0488,43
1506,44760,2550,62d4f3e2e6c6d,95
1507,44760,2550,62d4f3e2ed233,35
1508,44760,2550,62d4f3e2f259c,36
1509,44760,2550,62d4f3e3a1305,44
1510,44760,2550,62d4f3e3a89ae,68
1511,44760,2550,62d4f3e3ada86,45
1512,44760,2550,62d4f3e3b2a0c,80
1513,44760,2550,62d4f3e3b77f3,87
1514,44760,2550,62d4f3e3bc5d7,77
1515,44760,2550,62d4f3e3c26d1,69
1516,44760,2550,62d4f3e3c750a,31
1517,44760,2550,62d4f3e3cc8d5,28
1518,44760,2550,62d4f3e3d28c2,75
1519,44760,2550,62d4f3e3d8941,45
1520,44760,2550,62d4f3e3dec78,72
1521,44760,2550,62d4f3e3e5003,77
1522,44760,2550,62d4f3e3ea6eb,24
1523,44760,2550,62d4f3e3f01c3,56
1524,44760,2550,62d4f3e401670,56
1525,44760,2550,62d4f3e407b08,28
1526,44760,2550,62d4f3e40e005,88
1527,44760,2550,62d4f3e413d5a,77
1528,44760,2550,62d4f3e4197be,60
1529,44760,2550,62d4f3e41f282,25
1530,44760,2550,62d4f3e42529d,44
1531,44760,2550,62d4f3e42b668,42
1532,44760,2550,62d4f3e431fe2,40
1533,44760,2550,62d4f3e4395b6,75
1534,44760,2550,62d4f3e440573,88
1535,44760,2550,62d4f3e446fc0,33
1536,44760,2550,62d4f3e44dc05,83
1537,44760,2550,62d4f3e4543c6,69
1538,44760,2550,62d4f3e459a1d,33
1539,44760,2550,62d4f3e45ed74,33
1540,44760,2550,62d4f3e464e22,51
1541,44760,2550,62d4f3e46a8a2,49
1542,44760,2550,62d4f3e471611,75
1543,44760,2550,62d4f3e47851f,62
1544,44760,2550,62d4f3e47e1e1,57
1545,44760,2550,62d4f3e4840f0,85
1546,44760,2550,62d4f3e489ae1,92
1547,44760,2550,62d4f3e48f24e,91
1548,44760,2550,62d4f3e494a5e,66
1549,44760,2550,62d4f3e49a175,52
1550,44760,2550,62d4f3e49fb50,27
1551,44760,2550,62d4f3e4a52a4,19
1552,44760,2550,62d4f3e4aab95,38
1553,44760,2550,62d4f3e4b20fd,33
1554,44760,2550,62d4f3e4b750d,93
1555,44760,2550,62d4f3e4bc945,50
1556,44760,2550,62d4f3e4c2d72,33
1557,44760,2550,62d4f3e4c9e5e,71
1558,44760,2550,62d4f3e4d0e25,70
1559,44760,2550,62d4f3e4d786a,75
1560,44760,2550,62d4f3e4de64c,73
1561,44760,2550,62d4f3e4e4c18,54
1564,44760,2550,62d4f3e503702,84
1566,44760,2550,62d4f3e50e672,50
1567,44760,2550,62d4f3e5142f5,73
1568,44760,2550,62d4f3e519892,51
1569,44760,2550,62d4f3e51f2b0,67
1570,44760,2550,62d4f3e525385,29
1571,44760,2550,62d4f3e52c2a5,73
1572,44760,2550,62d4f3e5337f5,71
1573,44760,2550,62d4f3e53b025,49
1574,44760,2550,62d4f3e5429f0,91
1575,44760,2550,62d4f3e54a3e6,24
1576,44760,2550,62d4f3e551a23,21
1577,44760,2550,62d4f3e558cee,49
1578,44760,2550,62d4f3e5609a4,84
1579,44760,2550,62d4f3e5682fd,83
1580,44760,2550,62d4f3e570b2b,44
1581,44760,2550,62d4f3e57877f,52
1582,44760,2550,62d4f3e580ad3,27
1583,44760,2550,62d4f3e587f7d,36
1584,44760,2550,62d4f3e590250,26
1585,44760,2550,62d4f3e59772d,83
1586,44760,2550,62d4f3e59f198,23
1587,44760,2550,62d4f3e5a5252,31
1588,44760,2550,62d4f3e5adb0b,51
1589,44760,2550,62d4f3e5b54f6,82
1590,44760,2550,62d4f3e5bcb6b,76
1591,44760,2550,62d4f3e5c396b,47
1592,44760,2550,62d4f3e5ca137,60
1593,44760,2550,62d4f3e5d26da,85
1594,44760,2550,62d4f3e5db621,71
1595,44760,2550,62d4f3e5e42fc,65
1596,44760,2550,62d4f3e5ec4fb,59
1597,44760,2550,62d4f3e69e019,22
1598,44760,2550,62d4f3e6a5d71,80
1599,44760,2550,62d4f3e6ab2c5,95
1600,44760,2550,62d4f3e6b0c43,47
1601,44760,2550,62d4f3e6b5e8d,24
1602,44760,2550,62d4f3e6badfa,22
1603,44760,2550,62d4f3e6c02a0,45
1604,44760,2550,62d4f3e6c6536,91
1605,44760,2550,62d4f3e6cbf01,29
1606,44760,2550,62d4f3e6d10dd,79
1607,44760,2550,62d4f3e6d6365,43
1608,44760,2550,62d4f3e6db8e0,19
1609,44760,2550,62d4f3e6e0d77,70
1610,44760,2550,62d4f3e6e6399,93
1611,44760,2550,62d4f3e6ec401,71
1612,44760,2550,62d4f3e6f2317,83
1613,44760,2550,62d4f3e703b28,84
1614,44760,2550,62d4f3e70a1a2,63
1615,44760,2550,62d4f3e710366,36
1616,44760,2550,62d4f3e715ada,67
1617,44760,2550,62d4f3e71af12,54
1618,44760,2550,62d4f3e7221a2,40
1619,44760,2550,62d4f3e728a57,62
1620,44760,2550,62d4f3e72e35f,84
1621,44760,2550,62d4f3e733681,76
1622,44760,2550,62d4f3e738b2d,45
1623,44760,2550,62d4f3e73ebdf,19
1624,44760,2550,62d4f3e7451e1,68
1625,44760,2550,62d4f3e74b58e,73
1626,44760,2550,62d4f3e7523d2,83
1627,44760,2550,62d4f3e758c88,25
1628,44760,2550,62d4f3e75f316,35
1630,44760,2550,62d4f3e76daeb,37
1631,44760,2550,62d4f3e773f21,70
1632,44760,2550,62d4f3e7797c3,86
1633,44760,2550,62d4f3e77f1f6,26
1634,44760,2550,62d4f3e7848c0,90
1635,44760,2550,62d4f3e789f75,21
1636,44760,2550,62d4f3e78f0eb,28
1637,44760,2550,62d4f3e79515e,55
1638,44760,2550,62d4f3e79aff9,89
1639,44760,2550,62d4f3e7a0534,97
1640,44760,2550,62d4f3e7a5dea,89
1641,44760,2550,62d4f3e7ab25a,30
1642,44760,2550,62d4f3e7b0b8f,51
1643,44760,2550,62d4f3e7b5fc9,82
1644,44760,2550,62d4f3e7bb689,89
1645,44760,2550,62d4f3e7c0964,48
1646,44760,2550,62d4f3e7c698d,30
1647,44760,2550,62d4f3e88a970,93
1648,44760,2550,62d4f3e890bf8,70
1649,44760,2550,62d4f3e8963c0,32
1650,44760,2550,62d4f3e89b544,37
1651,44760,2550,62d4f3e8a1140,63
1652,44760,2550,62d4f3e8a75ab,93
1653,44760,2550,62d4f3e8ad2f7,94
1654,44760,2550,62d4f3e8b3e76,56
1655,44760,2550,62d4f3e8b98df,62
1656,44760,2550,62d4f3e8bf09c,61
1657,44760,2550,62d4f3e8c5b84,84
1658,44760,2550,62d4f3e8cb266,83
1659,44760,2550,62d4f3e8d08cc,27
1660,44760,2550,62d4f3e8d6c82,19
1661,44760,2550,62d4f3e8dc95d,46
1662,44760,2550,62d4f3e8e25d7,31
1663,44760,2550,62d4f3e8e9369,62
1664,44760,2550,62d4f3e8ef112,61
1665,44760,2550,62d4f3e8f41cb,85
1666,44760,2550,62d4f3e9abdbb,92
1667,44760,2550,62d4f3e9b4f9f,55
1668,44760,2550,62d4f3e9ba0d7,79
1669,44760,2550,62d4f3e9bf1b5,84
1670,44760,2550,62d4f3e9c4564,73
1671,44760,2550,62d4f3e9c9703,21
1672,44760,2550,62d4f3e9ce6e2,58
1673,44760,2550,62d4f3e9d37d4,52
1674,44760,2550,62d4f3e9d8883,17
1675,44760,2550,62d4f3e9de4f7,24
1676,44760,2550,62d4f3e9e367e,26
1677,44760,2550,62d4f3e9e8b8f,55
1678,44760,2550,62d4f3e9edbd5,95
1679,44760,2550,62d4f3e9f2d06,54
1680,44760,2550,62d4f3ea04c21,67
1681,44760,2550,62d4f3ea0a17e,18
1682,44760,2550,62d4f3ea0f376,21
1683,44760,2550,62d4f3ea14d60,19
1684,44760,2550,62d4f3ea1a464,40
1685,44760,2550,62d4f3ea1f5f9,50
1686,44760,2550,62d4f3ea247f8,78
1687,44760,2550,62d4f3ea2a74b,25
1688,44760,2550,62d4f3ea2fb3b,47
1689,44760,2550,62d4f3ea34cd0,44
1690,44760,2550,62d4f3ea3a416,19
1691,44760,2550,62d4f3ea3fce9,97
1692,44760,2550,62d4f3ea45c09,72
1693,44760,2550,62d4f3ea4b959,34
1694,44760,2550,62d4f3ea512b1,21
1695,44760,2550,62d4f3ea56ddc,74
1696,44760,2550,62d4f3ea5ca73,56
1697,44760,2550,62d4f3ea6264e,47
1698,44760,2550,62d4f3ea68c5e,36
1699,44760,2550,62d4f3ea6fe44,73
1700,44760,2550,62d4f3ea781aa,35
1701,44760,2550,62d4f3ea7ef66,48
1702,44760,2550,62d4f3ea85cb1,61
1703,44760,2550,62d4f3ea8c402,82
1704,44760,2550,62d4f3ea92804,71
1705,44760,2550,62d4f3ea98be8,43
1706,44760,2550,62d4f3ea9f98e,27
1707,44760,2550,62d4f3eaa608f,63
1708,44760,2550,62d4f3eaacfb1,96
1709,44760,2550,62d4f3eab3e70,45
1710,44760,2550,62d4f3eabae10,69
1711,44760,2550,62d4f3eac2735,91
1712,44760,2550,62d4f3eac9918,46
1713,44760,2550,62d4f3ead0b93,38
1714,44760,2550,62d4f3ead80b2,26
1715,44760,2550,62d4f3eae0b7a,41
1716,44760,2550,62d4f3eae7d33,96
1717,44760,2550,62d4f3eaee5c9,78
1718,44760,2550,62d4f3eb01114,37
1719,44760,2550,62d4f3eb08982,94
1720,44760,2550,62d4f3eb101b6,62
1721,44760,2550,62d4f3eb177a1,85
1722,44760,2550,62d4f3eb1e36b,71
1723,44760,2550,62d4f3eb24e67,24
1724,44760,2550,62d4f3eb2bfdc,18
1725,44760,2550,62d4f3eb32f25,79
1726,44760,2550,62d4f3eb39b04,86
1727,44760,2550,62d4f3eb3ffec,49
1728,44760,2550,62d4f3eb4515c,75
1729,44760,2550,62d4f3eb4ae59,53
1730,44760,2550,62d4f3eb50c00,58
1731,44760,2550,62d4f3eb56ade,27
1732,44760,2550,62d4f3eb5d167,60
1733,44760,2550,62d4f3eb63c0d,36
1734,44760,2550,62d4f3eb6aa50,63
1735,44760,2550,62d4f3eb7109b,34
1736,44760,2550,62d4f3eb769b1,30
1737,44760,2550,62d4f3eb7bd0b,70
1738,44760,2550,62d4f3eb81bbc,55
1739,44760,2550,62d4f3eb88a07,95
1740,44760,2550,62d4f3eb8e65d,28
1741,44760,2550,62d4f3eb93407,67
1742,44760,2550,62d4f3eb98dc1,37
1743,44760,2550,62d4f3eb9db9b,51
1744,44760,2550,62d4f3eba3e41,21
1745,44760,2550,62d4f3eba90cf,53
1746,44760,2550,62d4f3ebadf54,90
1747,44760,2550,62d4f3ebb30ff,41
1748,44760,2550,62d4f3ebb8f07,81
1749,44760,2550,62d4f3ebbf2d7,43
1750,44760,2550,62d4f3ebc4a91,33
1751,44760,2550,62d4f3ebc9640,28
1752,44760,2550,62d4f3ebce6a7,75
1753,44760,2550,62d4f3ebd39f1,76
1754,44760,2550,62d4f3ebd9b8f,24
1755,44760,2550,62d4f3ebdecb7,29
1756,44760,2550,62d4f3ebe477f,65
1757,44760,2550,62d4f3ebe9b87,21
1758,44760,2550,62d4f3ebeeef4,54
1759,44760,2550,62d4f3ebf414f,83
1760,44760,2550,62d4f3eca8b08,91
1761,44760,2550,62d4f3ecb045e,18
1762,44760,2550,62d4f3ecb5aaf,79
1763,44760,2550,62d4f3ecbac92,77
1764,44760,2550,62d4f3ecc0011,56
1765,44760,2550,62d4f3ecc528c,88
1766,44760,2550,62d4f3eccbc28,50
1767,44760,2550,62d4f3ecd3492,79
1768,44760,2550,62d4f3ecda82e,55
1769,44760,2550,62d4f3ece0d95,66
1770,44760,2550,62d4f3ece6967,38
1771,44760,2550,62d4f3ecec86c,48
1772,44760,2550,62d4f3ecf2795,22
1773,44760,2550,62d4f3ed04b6d,24
1774,44760,2550,62d4f3ed09498,60
1775,44760,2550,62d4f3ed0db07,56
1776,44760,2550,62d4f3ed120ec,85
1777,44760,2550,62d4f3ed166ef,43
1778,44760,2550,62d4f3ed1ae75,26
1779,44760,2550,62d4f3ed1fbab,72
1780,44760,2550,62d4f3ed24bf5,40
1781,44760,2550,62d4f3ed29c0c,53
1782,44760,2550,62d4f3ed2e970,30
1783,44760,2550,62d4f3ed330da,94
1784,44760,2550,62d4f3ed37b78,29
1785,44760,2550,62d4f3ed3c23a,53
1786,44760,2550,62d4f3ed41e03,71
1787,44760,2550,62d4f3ed46c89,27
1788,44760,2550,62d4f3ed4b878,95
1789,44760,2550,62d4f3ed5024e,39
1790,44760,2550,62d4f3ed54d68,30
1791,44760,2550,62d4f3ed594a8,17
1792,44760,2550,62d4f3ed5e20d,85
1793,44760,2550,62d4f3ed629d4,30
1794,44760,2550,62d4f3ed67997,68
1795,44760,2550,62d4f3ed6c756,55
1796,44760,2550,62d4f3ed711d1,24
1797,44760,2550,62d4f3ed75cb0,29
1798,44760,2550,62d4f3ed7a69f,43
1799,44760,2550,62d4f3ed80691,75
1800,44760,2550,62d4f3ed85ec4,76
1801,44760,2550,62d4f3ed8ad2e,72
1802,44760,2550,62d4f3ed8fe2f,61
1803,44760,2550,62d4f3ed94d9b,88
1804,44760,2550,62d4f3ed99f0b,36
1805,44760,2550,62d4f3ed9efe6,45
1806,44760,2550,62d4f3eda39dd,75
1807,44760,2550,62d4f3eda82ad,60
1808,44760,2550,62d4f3edacba8,64
1809,44760,2550,62d4f3edb14d4,44
1810,44760,2550,62d4f3edb5c99,22
1811,44760,2550,62d4f3edba25f,92
1812,44760,2550,62d4f3edbfd79,32
1813,44760,2550,62d4f3edc473f,31
1814,44760,2550,62d4f3edc9001,43
1815,44760,2550,62d4f3edcd6f1,35
1816,44760,2550,62d4f3edd1b7e,59
1817,44760,2550,62d4f3edd65c8,37
1818,44760,2550,62d4f3eddb044,95
1819,44760,2550,62d4f3eddfafe,20
1820,44760,2550,62d4f3ede475d,19
1821,44760,2550,62d4f3ede9421,74
1822,44760,2550,62d4f3ededbdd,37
1823,44760,2550,62d4f3edf2c58,53
1824,44760,2550,62d4f3ee039a0,19
1825,44760,2550,62d4f3ee0833e,51
1826,44760,2550,62d4f3ee0c9aa,25
1827,44760,2550,62d4f3ee10fc8,78
1828,44760,2550,62d4f3ee1562f,80
1829,44760,2550,62d4f3ee1aa49,44
1830,44760,2550,62d4f3ee20461,17
1831,44760,2550,62d4f3ee264af,49
1832,44760,2550,62d4f3ee2bc15,54
1833,44760,2550,62d4f3ee31613,64
1834,44760,2550,62d4f3ee36f0b,77
1835,44760,2550,62d4f3ee3c0e3,43
1836,44760,2550,62d4f3ee40a7c,29
1837,44760,2550,62d4f3ee4536a,70
1838,44760,2550,62d4f3ee49f44,47
1839,44760,2550,62d4f3ee4e8ea,80
1840,44760,2550,62d4f3ee5338e,52
1841,44760,2550,62d4f3ee57b23,92
1842,44760,2550,62d4f3ee5c2f9,85
1843,44760,2550,62d4f3ee60d32,45
1844,44760,2550,62d4f3ee6673b,86
1845,44760,2550,62d4f3ee6b7be,52
1846,44760,2550,62d4f3ee70156,58
1847,44760,2550,62d4f3ee74df0,57
1848,44760,2550,62d4f3ee79c80,77
1849,44760,2550,62d4f3ee7f159,48
1850,44760,2550,62d4f3ee85237,31
1851,44760,2550,62d4f3ee8bca9,77
1852,44760,2550,62d4f3ee910d2,17
1853,44760,2550,62d4f3ee95e67,31
1854,44760,2550,62d4f3ee9acae,38
1855,44760,2550,62d4f3eea0b02,61
1856,44760,2550,62d4f3eea5c13,37
1857,44760,2550,62d4f3eeaa9ba,34
1858,44760,2550,62d4f3eeb08be,29
1859,44760,2550,62d4f3eeb63bb,27
1860,44760,2550,62d4f3eebb5f3,61
1861,44760,2550,62d4f3eec01e7,65
1862,44760,2550,62d4f3eec4d7d,66
1863,44760,2550,62d4f3eec9aff,70
1864,44760,2550,62d4f3eed0a27,44
1865,44760,2550,62d4f3eed77d7,35
1866,44760,2550,62d4f3eede6f5,67
1867,44760,2550,62d4f3eee4884,86
1868,44760,2550,62d4f3eee9dce,41
1869,44760,2550,62d4f3eeee6ef,74
1870,44760,2550,62d4f3eef3320,20
1871,44760,2550,62d4f3ef943ae,66
1872,44760,2550,62d4f3ef9c87b,76
1873,44760,2550,62d4f3efa1bd9,19
1874,44760,2550,62d4f3efa649f,73
1875,44760,2550,62d4f3efaafb9,67
1876,44760,2550,62d4f3efafc84,61
1877,44760,2550,62d4f3efb60e3,96
1878,44760,2550,62d4f3efbc085,96
1879,44760,2550,62d4f3efc1ed6,39
1880,44760,2550,62d4f3efc7dbc,26
1881,44760,2550,62d4f3efcd636,34
1882,44760,2550,62d4f3efd3563,52
1883,44760,2550,62d4f3efd84a7,66
1884,44760,2550,62d4f3efdcd9e,41
1885,44760,2550,62d4f3efe188a,38
1886,44760,2550,62d4f3efe62d3,80
1887,44760,2550,62d4f3efeb9ad,18
1888,44760,2550,62d4f3eff0142,24
1889,44760,2550,62d4f3f000659,80
1890,44760,2550,62d4f3f005322,17
1891,44760,2550,62d4f3f009d92,69
1892,44760,2550,62d4f3f00e547,18
1893,44760,2550,62d4f3f01315e,50
1894,44760,2550,62d4f3f01aa27,78
1895,44760,2550,62d4f3f020703,93
1896,44760,2550,62d4f3f0263a6,56
1897,44760,2550,62d4f3f02b566,17
1898,44760,2550,62d4f3f030942,33
1899,44760,2550,62d4f3f036ce7,54
1900,44760,2550,62d4f3f03cf35,41
1901,44760,2550,62d4f3f042c26,95
1902,44760,2550,62d4f3f04a03e,92
1903,44760,2550,62d4f3f04fe51,42
1904,44760,2550,62d4f3f056e4b,81
1905,44760,2550,62d4f3f05decb,67
1906,44760,2550,62d4f3f065232,77
1907,44760,2550,62d4f3f06d088,42
1908,44760,2550,62d4f3f0734d1,87
1909,44760,2550,62d4f3f07a6b7,18
1910,44760,2550,62d4f3f081a9e,70
1911,44760,2550,62d4f3f08905c,35
1912,44760,2550,62d4f3f090051,55
1913,44760,2550,62d4f3f09741e,63
1914,44760,2550,62d4f3f09de36,79
1915,44760,2550,62d4f3f0a647b,23
1916,44760,2550,62d4f3f0adabd,97
1917,44760,2550,62d4f3f0b5fbb,38
1918,44760,2550,62d4f3f0bc764,89
1919,44760,2550,62d4f3f0c3507,45
1920,44760,2550,62d4f3f0c9a2a,76
1921,44760,2550,62d4f3f0cee9f,97
1922,44760,2550,62d4f3f0d39e7,73
1923,44760,2550,62d4f3f0d81c4,59
1924,44760,2550,62d4f3f0dc98c,27
1925,44760,2550,62d4f3f0e19b1,44
1926,44760,2550,62d4f3f0e63f0,53
1927,44760,2550,62d4f3f0eb534,73
1928,44760,2550,62d4f3f0f19e2,20
1929,44760,2550,62d4f3f102390,45
1930,44760,2550,62d4f3f107d50,56
1931,44760,2550,62d4f3f10d391,53
1932,44760,2550,62d4f3f111cff,62
1933,44760,2550,62d4f3f117824,38
1934,44760,2550,62d4f3f11c676,18
1935,44760,2550,62d4f3f1214e2,64
1936,44760,2550,62d4f3f127f47,17
1937,44760,2550,62d4f3f12cbb0,29
1938,44760,2550,62d4f3f131de3,65
1939,44760,2550,62d4f3f138621,97
1940,44760,2550,62d4f3f13e23a,61
1941,44760,2550,62d4f3f143607,96
1942,44760,2550,62d4f3f149c3b,54
1943,44760,2550,62d4f3f14f387,39
1944,44760,2550,62d4f3f154f7b,53
1945,44760,2550,62d4f3f15a1a3,21
1946,44760,2550,62d4f3f15fe46,18
1947,44760,2550,62d4f3f165ea5,43
1948,44760,2550,62d4f3f16ac50,70
1949,44760,2550,62d4f3f171233,30
1950,44760,2550,62d4f3f17700b,78
1951,44760,2550,62d4f3f17cd3e,97
1952,44760,2550,62d4f3f1820ca,87
1953,44760,2550,62d4f3f187440,43
1954,44760,2550,62d4f3f18dcb5,33
1955,44760,2550,62d4f3f19371e,70
1956,44760,2550,62d4f3f19882d,91
1957,44760,2550,62d4f3f19e0cd,61
1958,44760,2550,62d4f3f1a2ef0,22
1959,44760,2550,62d4f3f1a9049,19
1960,44760,2550,62d4f3f1aebf8,80
1961,44760,2550,62d4f3f1b4448,87
1962,44760,2550,62d4f3f1b9e63,44
1963,44760,2550,62d4f3f1bed95,95
1964,44760,2550,62d4f3f1c38e0,24
1965,44760,2550,62d4f3f1ca732,42
1966,44760,2550,62d4f3f1cf4c8,46
1967,44760,2550,62d4f3f1d4222,58
1968,44760,2550,62d4f3f1d9167,75
1969,44760,2550,62d4f3f1ddcc2,57
1970,44760,2550,62d4f3f1e26f8,45
1971,44760,2550,62d4f3f1e75ee,51
1972,44760,2550,62d4f3f1eccb2,45
1973,44760,2550,62d4f3f1f1708,24
1974,44760,2550,62d4f3f2ae4f9,95
1975,44760,2550,62d4f3f2b65eb,53
1976,44760,2550,62d4f3f2bc17f,69
1977,44760,2550,62d4f3f2c1f75,91
1978,44760,2550,62d4f3f2c6f44,58
1979,44760,2550,62d4f3f2cd334,27
1980,44760,2550,62d4f3f2d31b6,63
1981,44760,2550,62d4f3f2d9beb,52
1982,44760,2550,62d4f3f2df318,17
1983,44760,2550,62d4f3f2e4812,69
1984,44760,2550,62d4f3f2e9f05,39
1985,44760,2550,62d4f3f2eec1a,69
1986,44760,2550,62d4f3f2f3610,93
1987,44760,2550,62d4f3f30352d,77
1988,44760,2550,62d4f3f3074da,39
1989,44760,2550,62d4f3f30dcfb,35
1991,44760,2550,62d4f3f31b13a,41
1992,44760,2550,62d4f3f321f99,75
1993,44760,2550,62d4f3f327d2e,63
1994,44760,2550,62d4f3f32cf17,48
1995,44760,2550,62d4f3f333037,56
1996,44760,2550,62d4f3f33998b,43
1997,44760,2550,62d4f3f33fa35,61
1998,44760,2550,62d4f3f34670c,37
1999,44760,2550,62d4f3f34ba4e,83
2000,44760,2550,62d4f3f351dcd,91
2001,44760,2550,62d4f3f35707b,37
2002,44760,2550,62d4f3f35c950,24
2003,44760,2550,62d4f3f362b2c,87
2004,44760,2550,62d4f3f368cd3,43
2005,44760,2550,62d4f3f36eff7,33
2006,44760,2550,62d4f3f3743c0,62
2007,44760,2550,62d4f3f37930f,22
2008,44760,2550,62d4f3f37e3db,38
2009,44760,2550,62d4f3f3830e8,62
2010,44760,2550,62d4f3f3881ac,26
2011,44760,2550,62d4f3f38d723,80
2012,44760,2550,62d4f3f3928f1,50
2013,44760,2550,62d4f3f39793e,69
2014,44760,2717,mp-txn-62d537cbe314d,24
2015,44760,2627,mp-txn-62d537ceea291,90
2016,44760,2717,mp-txn-62d5506b2bf3a,73
2017,44760,2627,mp-txn-62d5506d0c862,27
2189,44760.6125,2627,mp-txn-63287fbf20643,32
2190,44760.6125,2550,mp-txn-63287fe1c33a6,34
2191,44760.61319,3080,mp-txn-632880099dfd5,72
2018,44761,2717,mp-txn-62d5e52fda337,95
2019,44761,2627,mp-txn-62d5e5320ddfe,41
2020,44761,2717,mp-txn-62d66540a646b,61
2021,44761,2627,mp-txn-62d6654329051,79
2022,44761.44097,2627,mp-txn-62d6890e9f2d0,92
2023,44761.44792,3080,mp-txn-62d68b392309d,62
2024,44761.46111,5807,mp-txn-62d68faf62559,82
2025,44761.46389,2627,mp-txn-62d690a8c4469,95
2026,44761.53194,5946,mp-txn-62d6a79f916fd,55
2187,44761.58819,2550,mp-txn-6321e012a9d00,31
2027,44761.82222,2717,mp-txn-62d709820f56f,81
84,44762.45347,2717,mp-txn-62cff5b7830f7,97
89,44762.49306,2627,mp-txn-62d002fccb34a,80
2028,44762.55486,2627,mp-txn-62d800e534ed1,57
2029,44762.55625,2550,mp-txn-62d8016c613a7,42
2030,44762.55694,3080,mp-txn-62d8019acdcaa,68
2031,44763.4625,2627,mp-txn-62d9334b5d064,29
2032,44763.46389,2550,mp-txn-62d933b7df903,29
2033,44763.46528,3080,mp-txn-62d9342414fc1,50
2034,44763.46736,2627,mp-txn-62d934bf75d6e,32
2035,44763.46806,2550,mp-txn-62d934fc575ba,39
2036,44763.46806,3080,mp-txn-62d93527a7efc,90
2037,44763.46875,2627,mp-txn-62d935572d796,33
2038,44763.46944,2550,mp-txn-62d9358b4d329,31
2039,44763.47014,3080,mp-txn-62d935b4b65a6,50
2040,44763.47083,2627,mp-txn-62d9360f6d5f9,20
2041,44763.47153,2550,mp-txn-62d936413c2e8,50
2042,44763.47222,3080,mp-txn-62d93664ec749,29
2043,44763.47361,2627,mp-txn-62d936ec78596,44
2044,44763.47431,2550,mp-txn-62d937190b454,85
2045,44763.47431,3080,mp-txn-62d9373cedeed,36
2046,44763.47569,2627,mp-txn-62d937936a211,72
2047,44763.47708,2550,mp-txn-62d9382642a23,50
2048,44763.47778,3080,mp-txn-62d93843402f4,85
2049,44763.47917,2550,mp-txn-62d938d93d372,25
2050,44763.47986,3080,mp-txn-62d93907a7c44,28
2051,44763.48264,2627,mp-txn-62d939edcb1ae,91
2052,44763.48333,2550,mp-txn-62d93a32ef1f8,61
2053,44763.48403,3080,mp-txn-62d93a6769e57,82
2060,44763.48889,2627,mp-txn-62d93c03bf260,27
2061,44763.48958,2550,mp-txn-62d93c46a8ac5,21
2062,44763.48958,3080,mp-txn-62d93c6e19b1c,49
2063,44763.49028,2627,mp-txn-62d93c954fea6,82
2064,44763.49097,2550,mp-txn-62d93ccc4674c,26
2065,44763.49167,3080,mp-txn-62d93cfb342b3,34
2066,44763.49236,2627,mp-txn-62d93d3a63bb1,79
2067,44763.49306,2550,mp-txn-62d93d83a9700,65
2068,44763.49375,3080,mp-txn-62d93da6c6afd,21
2069,44763.49514,2627,mp-txn-62d93e3e3de07,91
2070,44763.49653,2550,mp-txn-62d93e9a583b4,25
2071,44763.49653,3080,mp-txn-62d93ebe68660,44
2072,44763.49792,2627,mp-txn-62d93f1a22d50,31
2073,44763.49861,2550,mp-txn-62d93f576d5bd,56
2074,44763.49861,3080,mp-txn-62d93f7a07e6c,59
2075,44764,2717,mp-txn-62d9e53653be9,90
2076,44764,2627,mp-txn-62d9e538ef4c8,89
2080,44764,2717,mp-txn-62da9d7b6b250,76
2081,44764,2627,mp-txn-62da9d7d88c79,32
2077,44764.36875,2550,mp-txn-62da6527e9c8c,32
2078,44764.37222,2627,mp-txn-62da663387892,56
2079,44764.37292,2550,mp-txn-62da6672d69a1,90
2085,44768,2717,mp-txn-62dfa105ba677,17
2086,44768,2627,mp-txn-62dfa1093ccdd,52
2091,44771,3264,mp-txn-62e3b02f18cc1,64
2092,44771,3265,mp-txn-62e3b030612db,17
2093,44771.87083,2717,mp-txn-62e4491b622d4,46
2096,44774.44653,2627,mp-txn-62e7ae5a4b24f,77
2097,44774.45347,2550,mp-txn-62e7b0b4676a5,49
2098,44774.45833,2627,mp-txn-62e7b2576a668,72
2099,44774.48333,2550,mp-txn-62e7bac693ed4,28
2100,44774.48403,3080,mp-txn-62e7baf295a47,75
2101,44774.48472,2627,mp-txn-62e7bb4481851,49
2102,44774.48611,2550,mp-txn-62e7bb9b3d251,30
2103,44774.48681,3080,mp-txn-62e7bbce41bf9,17
2104,44774.49097,2627,mp-txn-62e7bd443fc62,88
2105,44774.49167,2550,mp-txn-62e7bd796bca0,76
2106,44774.49167,3080,mp-txn-62e7bda14f246,60
2107,44774.87986,2550,mp-txn-62e8408fa19e2,73
2108,44776.48194,2627,mp-txn-62ea414fc3443,57
2109,44776.48194,2550,mp-txn-62ea4152d48bd,29
2110,44776.48194,3080,mp-txn-62ea415551c06,72
2111,44776.52569,2550,mp-txn-62ea503f38fc1,76
2112,44776.52569,2627,mp-txn-62ea504464a28,77
2113,44776.52569,3080,mp-txn-62ea504910376,63
2114,44776.66528,2550,mp-txn-62ea7f280ca98,40
2115,44776.66528,2627,mp-txn-62ea7f2b23bad,49
2116,44776.66528,3080,mp-txn-62ea7f2e2da87,43
2117,44777.2125,2625,mp-txn-62eb53c484010,97
2118,44778.55208,2627,mp-txn-62ecfc09df279,89
2119,44778.55208,2550,mp-txn-62ecfc0ddb62d,77
2120,44778.55208,3080,mp-txn-62ecfc11a58c5,42
2121,44778.65,2550,mp-txn-62ed1ceb0a37f,61
2122,44778.65,2627,mp-txn-62ed1cede0c4f,69
2123,44778.65,3080,mp-txn-62ed1cf28a57a,79
2124,44778.79861,2627,mp-txn-62ed514734c17,47
2125,44778.79861,2550,mp-txn-62ed51494199e,48
2126,44778.79861,3080,mp-txn-62ed514b6ff62,81
2127,44781.43681,2550,mp-txn-62f0e587d4fea,87
2128,44781.43819,3080,mp-txn-62f0e61d67b31,81
2129,44781.43889,2627,mp-txn-62f0e63c09ae8,94
2130,44785.60833,5303,mp-txn-62f665807f0ba,52
2131,44785.61875,2717,mp-txn-62f668f9a7aa3,69
2132,44787.55208,2627,mp-txn-62f8d9760116d,65
2133,44787.55208,2550,mp-txn-62f8d97816a9c,50
2134,44787.55208,3080,mp-txn-62f8d979ebde8,59
2135,44789.89722,2550,mp-txn-62fbf0db9c2a6,43
2136,44789.89722,2627,mp-txn-62fbf0de87646,79
2137,44789.89722,3080,mp-txn-62fbf0e138fe6,53
2138,44791.68264,2627,mp-txn-62fe677f4866f,52
2139,44791.68472,2550,mp-txn-62fe681becceb,68
2140,44791.68542,3080,mp-txn-62fe685c45c7a,69
2141,44791.68611,2627,mp-txn-62fe689e30aa8,83
2142,44791.68681,2550,mp-txn-62fe68f913b73,68
2143,44791.6875,3080,mp-txn-62fe692898e00,34
2144,44791.68889,2627,mp-txn-62fe69a4ec897,82
2145,44791.69028,2550,mp-txn-62fe6a33af834,88
2146,44791.69236,3080,mp-txn-62fe6ac854c59,24
2147,44792.45069,2627,mp-txn-62ff6aa76615d,26
2148,44792.45139,2550,mp-txn-62ff6af7a5964,80
2149,44795.49444,2627,mp-txn-63036e104159a,82
2150,44795.49583,2550,mp-txn-63036e6a51665,30
2151,44795.49583,3080,mp-txn-63036e8fd9187,78
2152,44796.33333,2717,mp-txn-6304891f08345,41
2153,44796.33403,2627,mp-txn-6304894dcb134,26
2154,44796.47431,2627,mp-txn-6304b89f91498,88
2155,44796.47639,2550,mp-txn-6304b94aeeb20,74
2156,44799.05139,6380,mp-txn-63081e5acd500,34
2157,44799.09306,6530,mp-txn-63082c8fbf77a,92
2160,44799.59444,6380,mp-txn-6308b990670bb,77
2161,44802.68125,6380,mp-txn-630ccb766c4aa,61
2162,44803.325,6380,mp-txn-630da4bd370f6,93
2163,44803.47569,6380,mp-txn-630dd7b9108e5,21
2165,44804.85417,6380,mp-txn-630fa8d395fb2,95
2166,44805.47778,6685,mp-txn-631097430b720,56
2167,44805.47847,6685,mp-txn-631097b144e52,75
2168,44805.47986,6685,mp-txn-6310982e890ad,19
2169,44805.48056,6685,mp-txn-6310984f3961f,85
2170,44805.48264,6685,mp-txn-631098f3e5419,52
2208,44805.84514,2717,mp-txn-63487269d8e11,79
2171,44808.48889,2627,mp-txn-6311ec9837278,18
2172,44808.49028,2550,mp-txn-6311ed12ede39,45
2173,44808.49097,3080,mp-txn-6311ed4c160f8,27
2174,44809.85972,2627,mp-txn-6316425ed524a,49
2175,44809.85972,2550,mp-txn-63164260a38c6,95
2176,44809.85972,3080,mp-txn-63164263adbb1,73
2177,44812.57569,2550,mp-txn-6319f2f16bf0f,22
2178,44812.57708,2627,mp-txn-6319f35d4b77b,42
2179,44816.39028,2627,mp-txn-631efa4489938,89
2180,44816.39097,3080,mp-txn-631efa7f85471,49
2181,44816.39097,2550,mp-txn-631efa993a90f,78
2182,44816.39514,3080,mp-txn-631efbf9eb4d3,62
2183,44816.48958,6685,mp-txn-631f1be3dfa30,31
2184,44816.66111,2550,mp-txn-631f39c129b05,82
2185,44816.66111,2627,mp-txn-631f39c44f83d,24
2186,44816.66111,3080,mp-txn-631f39c6a41b1,37
2188,44819,6685,mp-txn-632348a416ee3,50
2205,44828,6685,mp-txn-632f288d3c216,82
2192,44828.43264,2550,mp-txn-632edabc284aa,52
2193,44828.43958,2627,mp-txn-632edd0de5c6e,54
2194,44828.44028,2717,mp-txn-632edd1ea1aa8,41
2195,44828.44097,3080,mp-txn-632edd61d5842,25
2196,44828.44097,3081,mp-txn-632edd75381c4,84
2197,44828.44097,3746,mp-txn-632edd8787228,66
2198,44828.44167,5121,mp-txn-632edda101b6e,83
2199,44828.44167,5303,mp-txn-632eddafb0e25,34
2200,44828.44167,5807,mp-txn-632eddc0171f6,62
2201,44828.44236,5946,mp-txn-632eddd1b2e79,45
2202,44828.44236,6380,mp-txn-632edddf0f3e7,42
2203,44828.44236,6530,mp-txn-632eddee36f8d,33
2204,44828.44236,6685,mp-txn-632eddfdea7e2,97
2206,44834,6685,mp-txn-6337277b48f47,27
2164,44834.65972,6685,mp-txn-630f8361b6752,66
2207,44844.45278,2550,mp-txn-6343f96087eef,17
2213,44860.25208,2627,mp-txn-635a1f4be5283,71
2209,44860.51319,2627,mp-txn-635925d9885c3,25
2210,44860.51389,2550,mp-txn-635925fcde2c3,72
2211,44860.60139,2627,mp-txn-635943b2cc8fc,91
2212,44860.60208,2550,mp-txn-635943d0cc107,25
2214,44861.52431,2627,mp-txn-635a7af57e7d6,58
